character,unicode,custom_code,original_code,glyph_slot,metric_donor_index,mapping_status,source
가,U+AC00,0xa040,0xe079,2157,85,PROVISIONAL_RESEARCH,font-overlay-field-ui-candidate/manifest.json
간,U+AC04,0xa041,0x956d,2156,85,PROVISIONAL_RESEARCH,font-overlay-field-ui-candidate/manifest.json
갑,U+AC11,0xa042,0x90f7,2155,85,PROVISIONAL_RESEARCH,font-overlay-field-ui-candidate/manifest.json
강,U+AC15,0xa043,0x8d8b,2150,85,PROVISIONAL_RESEARCH,font-overlay-field-ui-candidate/manifest.json
개,U+AC1C,0xa044,0xe079,2148,85,PROVISIONAL_RESEARCH,font-overlay-field-ui-candidate/manifest.json
거,U+AC70,0xa045,0x956d,2147,85,PROVISIONAL_RESEARCH,font-overlay-field-ui-candidate/manifest.json
건,U+AC74,0xa046,0x90f7,2146,85,PROVISIONAL_RESEARCH,font-overlay-field-ui-candidate/manifest.json
게,U+AC8C,0xa047,0x8c67,2126,85,PROVISIONAL_RESEARCH,font-overlay-field-ui-candidate/manifest.json
겨,U+ACA8,0xa048,0x9385,2119,85,PROVISIONAL_RESEARCH,font-overlay-field-ui-candidate/manifest.json
격,U+ACA9,0xa049,0x9385,2115,85,PROVISIONAL_RESEARCH,font-overlay-field-ui-candidate/manifest.json
결,U+ACB0,0xa04a,0x8c67,2110,85,PROVISIONAL_RESEARCH,font-overlay-field-ui-candidate/manifest.json
경,U+ACBD,0xa04b,0x8c67,2103,85,PROVISIONAL_RESEARCH,font-overlay-field-ui-candidate/manifest.json
계,U+ACC4,0xa04c,0x8a9a,2102,85,PROVISIONAL_RESEARCH,font-overlay-field-ui-candidate/manifest.json
고,U+ACE0,0xa04d,0x8a9a,2100,85,PROVISIONAL_RESEARCH,font-overlay-field-ui-candidate/manifest.json
곡,U+ACE1,0xa04e,0xe666,2091,85,PROVISIONAL_RESEARCH,font-overlay-field-ui-candidate/manifest.json
곳,U+ACF3,0xa04f,0xe666,2088,85,PROVISIONAL_RESEARCH,font-overlay-field-ui-candidate/manifest.json
공,U+ACF5,0xa050,0x90b1,2086,85,PROVISIONAL_RESEARCH,font-overlay-field-ui-candidate/manifest.json
과,U+ACFC,0xa051,0x8d7c,2074,85,PROVISIONAL_RESEARCH,font-overlay-field-ui-candidate/manifest.json
관,U+AD00,0xa052,0x8d7c,2070,85,PROVISIONAL_RESEARCH,font-overlay-field-ui-candidate/manifest.json
광,U+AD11,0xa053,0x97a6,2061,85,PROVISIONAL_RESEARCH,font-overlay-field-ui-candidate/manifest.json
교,U+AD50,0xa054,0x90b1,2060,85,PROVISIONAL_RESEARCH,font-overlay-field-ui-candidate/manifest.json
구,U+AD6C,0xa055,0xe0a6,2059,85,PROVISIONAL_RESEARCH,font-overlay-field-ui-candidate/manifest.json
군,U+AD70,0xa056,0x8eea,2058,85,PROVISIONAL_RESEARCH,font-overlay-field-ui-candidate/manifest.json
권,U+AD8C,0xa057,0xe0a6,1840,85,PROVISIONAL_RESEARCH,font-overlay-field-ui-candidate/manifest.json
귀,U+ADC0,0xa058,0x8eea,1732,85,PROVISIONAL_RESEARCH,font-overlay-field-ui-candidate/manifest.json
그,U+ADF8,0xa059,0x8d8b,1657,85,PROVISIONAL_RESEARCH,font-overlay-field-ui-candidate/manifest.json
금,U+AE08,0xa05a,0x97a6,1577,85,PROVISIONAL_RESEARCH,font-overlay-field-ui-candidate/manifest.json
기,U+AE30,0xa05b,0x0021,34,85,PROVISIONAL_RESEARCH,font-overlay-field-ui-candidate/manifest.json
까,U+AE4C,0xa05c,0x0021,33,85,PROVISIONAL_RESEARCH,font-overlay-field-ui-candidate/manifest.json
께,U+AED8,0xa05d,0x8e4a,2222,85,PROVISIONAL_RESEARCH,font-overlay-field-ui-candidate/manifest.json
꼴,U+AF34,0xa05e,0x8dcd,2221,85,PROVISIONAL_RESEARCH,font-overlay-field-ui-candidate/manifest.json
끄,U+B044,0xa05f,0x8290,2220,85,PROVISIONAL_RESEARCH,font-overlay-field-ui-candidate/manifest.json
끝,U+B05D,0xa060,0x828c,2219,85,PROVISIONAL_RESEARCH,font-overlay-field-ui-candidate/manifest.json
끼,U+B07C,0xa061,0x8285,2218,85,PROVISIONAL_RESEARCH,font-overlay-field-ui-candidate/manifest.json
나,U+B098,0xa062,0x9d7c,2216,85,PROVISIONAL_RESEARCH,font-overlay-field-ui-candidate/manifest.json
날,U+B0A0,0xa063,0x9851,2215,85,PROVISIONAL_RESEARCH,font-overlay-field-ui-candidate/manifest.json
납,U+B0A9,0xa064,0x9846,2214,85,PROVISIONAL_RESEARCH,font-overlay-field-ui-candidate/manifest.json
났,U+B0AC,0xa065,0x97c2,2213,85,PROVISIONAL_RESEARCH,font-overlay-field-ui-candidate/manifest.json
내,U+B0B4,0xa066,0x9787,2212,85,PROVISIONAL_RESEARCH,font-overlay-field-ui-candidate/manifest.json
낼,U+B0BC,0xa067,0x975a,2211,85,PROVISIONAL_RESEARCH,font-overlay-field-ui-candidate/manifest.json
너,U+B108,0xa068,0x969f,2210,85,PROVISIONAL_RESEARCH,font-overlay-field-ui-candidate/manifest.json
넘,U+B118,0xa069,0x9662,2209,85,PROVISIONAL_RESEARCH,font-overlay-field-ui-candidate/manifest.json
넣,U+B123,0xa06a,0x9585,2208,85,PROVISIONAL_RESEARCH,font-overlay-field-ui-candidate/manifest.json
노,U+B178,0xa06b,0x9562,2207,85,PROVISIONAL_RESEARCH,font-overlay-field-ui-candidate/manifest.json
높,U+B192,0xa06c,0x955b,2206,85,PROVISIONAL_RESEARCH,font-overlay-field-ui-candidate/manifest.json
뇌,U+B1CC,0xa06d,0x954d,2205,85,PROVISIONAL_RESEARCH,font-overlay-field-ui-candidate/manifest.json
누,U+B204,0xa06e,0x94e1,2204,85,PROVISIONAL_RESEARCH,font-overlay-field-ui-candidate/manifest.json
눌,U+B20C,0xa06f,0x9463,2203,85,PROVISIONAL_RESEARCH,font-overlay-field-ui-candidate/manifest.json
뉩,U+B269,0xa070,0x944c,2202,85,PROVISIONAL_RESEARCH,font-overlay-field-ui-candidate/manifest.json
뉴,U+B274,0xa071,0x9441,2201,85,PROVISIONAL_RESEARCH,font-overlay-field-ui-candidate/manifest.json
는,U+B294,0xa072,0x93e2,2200,85,PROVISIONAL_RESEARCH,font-overlay-field-ui-candidate/manifest.json
늘,U+B298,0xa073,0x93d8,2199,85,PROVISIONAL_RESEARCH,font-overlay-field-ui-candidate/manifest.json
능,U+B2A5,0xa074,0x939b,2198,85,PROVISIONAL_RESEARCH,font-overlay-field-ui-candidate/manifest.json
니,U+B2C8,0xa075,0x92d0,2197,85,PROVISIONAL_RESEARCH,font-overlay-field-ui-candidate/manifest.json
다,U+B2E4,0xa076,0x9281,2196,85,PROVISIONAL_RESEARCH,font-overlay-field-ui-candidate/manifest.json
단,U+B2E8,0xa077,0x91f1,2195,85,PROVISIONAL_RESEARCH,font-overlay-field-ui-candidate/manifest.json
달,U+B2EC,0xa078,0x91ad,2194,85,PROVISIONAL_RESEARCH,font-overlay-field-ui-candidate/manifest.json
당,U+B2F9,0xa079,0x9169,2193,85,PROVISIONAL_RESEARCH,font-overlay-field-ui-candidate/manifest.json
대,U+B300,0xa07a,0x9165,2192,85,PROVISIONAL_RESEARCH,font-overlay-field-ui-candidate/manifest.json
더,U+B354,0xa07b,0x907e,2191,85,PROVISIONAL_RESEARCH,font-overlay-field-ui-candidate/manifest.json
덮,U+B36E,0xa07c,0x8ff9,2190,85,PROVISIONAL_RESEARCH,font-overlay-field-ui-candidate/manifest.json
데,U+B370,0xa07d,0x8fdf,2189,85,PROVISIONAL_RESEARCH,font-overlay-field-ui-candidate/manifest.json
도,U+B3C4,0xa07e,0x8f98,2188,85,PROVISIONAL_RESEARCH,font-overlay-field-ui-candidate/manifest.json
독,U+B3C5,0xa080,0x8f8d,2187,85,PROVISIONAL_RESEARCH,font-overlay-field-ui-candidate/manifest.json
돌,U+B3CC,0xa081,0x8f48,2186,85,PROVISIONAL_RESEARCH,font-overlay-field-ui-candidate/manifest.json
동,U+B3D9,0xa082,0x8f44,2185,85,PROVISIONAL_RESEARCH,font-overlay-field-ui-candidate/manifest.json
되,U+B418,0xa083,0x8ef9,2184,85,PROVISIONAL_RESEARCH,font-overlay-field-ui-candidate/manifest.json
됨,U+B428,0xa084,0x8ef5,2183,85,PROVISIONAL_RESEARCH,font-overlay-field-ui-candidate/manifest.json
됩,U+B429,0xa085,0x8edf,2182,85,PROVISIONAL_RESEARCH,font-overlay-field-ui-candidate/manifest.json
두,U+B450,0xa086,0x8ea5,2181,85,PROVISIONAL_RESEARCH,font-overlay-field-ui-candidate/manifest.json
뒤,U+B4A4,0xa087,0x8e89,2180,85,PROVISIONAL_RESEARCH,font-overlay-field-ui-candidate/manifest.json
드,U+B4DC,0xa088,0x8d54,2179,85,PROVISIONAL_RESEARCH,font-overlay-field-ui-candidate/manifest.json
득,U+B4DD,0xa089,0x8cac,2178,85,PROVISIONAL_RESEARCH,font-overlay-field-ui-candidate/manifest.json
들,U+B4E4,0xa08a,0x8c86,2177,85,PROVISIONAL_RESEARCH,font-overlay-field-ui-candidate/manifest.json
듭,U+B4ED,0xa08b,0x8bcf,2176,85,PROVISIONAL_RESEARCH,font-overlay-field-ui-candidate/manifest.json
디,U+B514,0xa08c,0x8bb2,2175,85,PROVISIONAL_RESEARCH,font-overlay-field-ui-candidate/manifest.json
따,U+B530,0xa08d,0x8144,2174,85,PROVISIONAL_RESEARCH,font-overlay-field-ui-candidate/manifest.json
땅,U+B545,0xa08e,0x8195,2173,85,PROVISIONAL_RESEARCH,font-overlay-field-ui-candidate/manifest.json
때,U+B54C,0xa08f,0x83b5,2172,85,PROVISIONAL_RESEARCH,font-overlay-field-ui-candidate/manifest.json
떠,U+B5A0,0xa090,0x83b0,2171,85,PROVISIONAL_RESEARCH,font-overlay-field-ui-candidate/manifest.json
또,U+B610,0xa091,0x83ac,2170,85,PROVISIONAL_RESEARCH,font-overlay-field-ui-candidate/manifest.json
뛰,U+B6F0,0xa092,0x83ae,2169,85,PROVISIONAL_RESEARCH,font-overlay-field-ui-candidate/manifest.json
뛸,U+B6F8,0xa093,0x83a6,2168,85,PROVISIONAL_RESEARCH,font-overlay-field-ui-candidate/manifest.json
뜁,U+B701,0xa094,0x83a9,2167,85,PROVISIONAL_RESEARCH,font-overlay-field-ui-candidate/manifest.json
라,U+B77C,0xa095,0x83a0,2166,85,PROVISIONAL_RESEARCH,font-overlay-field-ui-candidate/manifest.json
락,U+B77D,0xa096,0x83b3,2165,85,PROVISIONAL_RESEARCH,font-overlay-field-ui-candidate/manifest.json
란,U+B780,0xa097,0x83b6,2164,85,PROVISIONAL_RESEARCH,font-overlay-field-ui-candidate/manifest.json
람,U+B78C,0xa098,0x83a1,2163,85,PROVISIONAL_RESEARCH,font-overlay-field-ui-candidate/manifest.json
래,U+B798,0xa099,0x839f,2162,85,PROVISIONAL_RESEARCH,font-overlay-field-ui-candidate/manifest.json
량,U+B7C9,0xa09a,0x979a,2161,85,PROVISIONAL_RESEARCH,font-overlay-field-ui-candidate/manifest.json
러,U+B7EC,0xa09b,0xe7f3,2160,85,PROVISIONAL_RESEARCH,font-overlay-field-ui-candidate/manifest.json
런,U+B7F0,0xa09c,0x8c71,2159,85,PROVISIONAL_RESEARCH,font-overlay-field-ui-candidate/manifest.json
럼,U+B7FC,0xa09d,0x9743,2158,85,PROVISIONAL_RESEARCH,font-overlay-field-ui-candidate/manifest.json
레,U+B808,0xa09e,0x8d8c,2154,85,PROVISIONAL_RESEARCH,font-overlay-field-ui-candidate/manifest.json
려,U+B824,0xa09f,0x99e1,2153,85,PROVISIONAL_RESEARCH,font-overlay-field-ui-candidate/manifest.json
력,U+B825,0xa0a0,0x8c97,2152,85,PROVISIONAL_RESEARCH,font-overlay-field-ui-candidate/manifest.json
련,U+B828,0xa0a1,0x92e3,2151,85,PROVISIONAL_RESEARCH,font-overlay-field-ui-candidate/manifest.json
령,U+B839,0xa0a2,0x815c,2149,85,PROVISIONAL_RESEARCH,font-overlay-field-ui-candidate/manifest.json
례,U+B840,0xa0a3,0x81a2,2145,85,PROVISIONAL_RESEARCH,font-overlay-field-ui-candidate/manifest.json
로,U+B85C,0xa0a4,0x81a0,2144,85,PROVISIONAL_RESEARCH,font-overlay-field-ui-candidate/manifest.json
록,U+B85D,0xa0a5,0x8194,2143,85,PROVISIONAL_RESEARCH,font-overlay-field-ui-candidate/manifest.json
롯,U+B86F,0xa0a6,0x8e56,2142,85,PROVISIONAL_RESEARCH,font-overlay-field-ui-candidate/manifest.json
료,U+B8CC,0xa0a7,0x9298,2141,85,PROVISIONAL_RESEARCH,font-overlay-field-ui-candidate/manifest.json
룡,U+B8E1,0xa0a8,0x9ae2,2140,85,PROVISIONAL_RESEARCH,font-overlay-field-ui-candidate/manifest.json
루,U+B8E8,0xa0a9,0x8b58,2138,85,PROVISIONAL_RESEARCH,font-overlay-field-ui-candidate/manifest.json
류,U+B958,0xa0aa,0x83a2,2136,85,PROVISIONAL_RESEARCH,font-overlay-field-ui-candidate/manifest.json
륙,U+B959,0xa0ab,0x81ab,2135,85,PROVISIONAL_RESEARCH,font-overlay-field-ui-candidate/manifest.json
르,U+B974,0xa0ac,0x8d56,2134,85,PROVISIONAL_RESEARCH,font-overlay-field-ui-candidate/manifest.json
른,U+B978,0xa0ad,0x8a85,2133,85,PROVISIONAL_RESEARCH,font-overlay-field-ui-candidate/manifest.json
를,U+B97C,0xa0ae,0x9382,2132,85,PROVISIONAL_RESEARCH,font-overlay-field-ui-candidate/manifest.json
릅,U+B985,0xa0af,0x974f,2131,85,PROVISIONAL_RESEARCH,font-overlay-field-ui-candidate/manifest.json
리,U+B9AC,0xa0b0,0x984d,2130,85,PROVISIONAL_RESEARCH,font-overlay-field-ui-candidate/manifest.json
릭,U+B9AD,0xa0b1,0x898b,2129,85,PROVISIONAL_RESEARCH,font-overlay-field-ui-candidate/manifest.json
릴,U+B9B4,0xa0b2,0x83bf,2128,85,PROVISIONAL_RESEARCH,font-overlay-field-ui-candidate/manifest.json
마,U+B9C8,0xa0b3,0x898d,2127,85,PROVISIONAL_RESEARCH,font-overlay-field-ui-candidate/manifest.json
만,U+B9CC,0xa0b4,0x8e7d,2125,85,PROVISIONAL_RESEARCH,font-overlay-field-ui-candidate/manifest.json
말,U+B9D0,0xa0b5,0x91a0,2124,85,PROVISIONAL_RESEARCH,font-overlay-field-ui-candidate/manifest.json
맞,U+B9DE,0xa0b6,0x9657,2123,85,PROVISIONAL_RESEARCH,font-overlay-field-ui-candidate/manifest.json
매,U+B9E4,0xa0b7,0x8c6a,2122,85,PROVISIONAL_RESEARCH,font-overlay-field-ui-candidate/manifest.json
맵,U+B9F5,0xa0b8,0x8dca,2121,85,PROVISIONAL_RESEARCH,font-overlay-field-ui-candidate/manifest.json
맷,U+B9F7,0xa0b9,0x97ee,2120,85,PROVISIONAL_RESEARCH,font-overlay-field-ui-candidate/manifest.json
메,U+BA54,0xa0ba,0xe5da,2118,85,PROVISIONAL_RESEARCH,font-overlay-field-ui-candidate/manifest.json
멘,U+BA58,0xa0bb,0x8cd1,2117,85,PROVISIONAL_RESEARCH,font-overlay-field-ui-candidate/manifest.json
멜,U+BA5C,0xa0bc,0x8a8c,2116,85,PROVISIONAL_RESEARCH,font-overlay-field-ui-candidate/manifest.json
며,U+BA70,0xa0bd,0x92e5,2114,85,PROVISIONAL_RESEARCH,font-overlay-field-ui-candidate/manifest.json
면,U+BA74,0xa0be,0x97f5,2113,85,PROVISIONAL_RESEARCH,font-overlay-field-ui-candidate/manifest.json
명,U+BA85,0xa0bf,0xe446,2112,85,PROVISIONAL_RESEARCH,font-overlay-field-ui-candidate/manifest.json
모,U+BAA8,0xa0c0,0x935a,2111,85,PROVISIONAL_RESEARCH,font-overlay-field-ui-candidate/manifest.json
목,U+BAA9,0xa0c1,0x93a9,2109,85,PROVISIONAL_RESEARCH,font-overlay-field-ui-candidate/manifest.json
못,U+BABB,0xa0c2,0x9db1,2108,85,PROVISIONAL_RESEARCH,font-overlay-field-ui-candidate/manifest.json
무,U+BB34,0xa0c3,0x8c81,2107,85,PROVISIONAL_RESEARCH,font-overlay-field-ui-candidate/manifest.json
문,U+BB38,0xa0c4,0x8cd3,2106,85,PROVISIONAL_RESEARCH,font-overlay-field-ui-candidate/manifest.json
물,U+BB3C,0xa0c5,0x8ddc,2105,85,PROVISIONAL_RESEARCH,font-overlay-field-ui-candidate/manifest.json
바,U+BC14,0xa0c6,0x8ea0,2104,85,PROVISIONAL_RESEARCH,font-overlay-field-ui-candidate/manifest.json
반,U+BC18,0xa0c7,0x944a,2101,85,PROVISIONAL_RESEARCH,font-overlay-field-ui-candidate/manifest.json
받,U+BC1B,0xa0c8,0xe08a,2099,85,PROVISIONAL_RESEARCH,font-overlay-field-ui-candidate/manifest.json
발,U+BC1C,0xa0c9,0x8a7d,2098,85,PROVISIONAL_RESEARCH,font-overlay-field-ui-candidate/manifest.json
방,U+BC29,0xa0ca,0x9061,2097,85,PROVISIONAL_RESEARCH,font-overlay-field-ui-candidate/manifest.json
버,U+BC84,0xa0cb,0x8adf,2096,85,PROVISIONAL_RESEARCH,font-overlay-field-ui-candidate/manifest.json
번,U+BC88,0xa0cc,0xe54e,2095,85,PROVISIONAL_RESEARCH,font-overlay-field-ui-candidate/manifest.json
법,U+BC95,0xa0cd,0xe54b,2094,85,PROVISIONAL_RESEARCH,font-overlay-field-ui-candidate/manifest.json
베,U+BCA0,0xa0ce,0x8bf8,2093,85,PROVISIONAL_RESEARCH,font-overlay-field-ui-candidate/manifest.json
벨,U+BCA8,0xa0cf,0x97eb,2092,85,PROVISIONAL_RESEARCH,font-overlay-field-ui-candidate/manifest.json
변,U+BCC0,0xa0d0,0x8ad2,2090,85,PROVISIONAL_RESEARCH,font-overlay-field-ui-candidate/manifest.json
병,U+BCD1,0xa0d1,0x8d50,2089,85,PROVISIONAL_RESEARCH,font-overlay-field-ui-candidate/manifest.json
보,U+BCF4,0xa0d2,0x9489,2087,85,PROVISIONAL_RESEARCH,font-overlay-field-ui-candidate/manifest.json
복,U+BCF5,0xa0d3,0xe3a9,2085,85,PROVISIONAL_RESEARCH,font-overlay-field-ui-candidate/manifest.json
봉,U+BD09,0xa0d4,0x938d,2084,85,PROVISIONAL_RESEARCH,font-overlay-field-ui-candidate/manifest.json
부,U+BD80,0xa0d5,0x89b3,2083,85,PROVISIONAL_RESEARCH,font-overlay-field-ui-candidate/manifest.json
북,U+BD81,0xa0d6,0x8b5b,2082,85,PROVISIONAL_RESEARCH,font-overlay-field-ui-candidate/manifest.json
분,U+BD84,0xa0d7,0x89a2,2081,85,PROVISIONAL_RESEARCH,font-overlay-field-ui-candidate/manifest.json
불,U+BD88,0xa0d8,0x9d43,2080,85,PROVISIONAL_RESEARCH,font-overlay-field-ui-candidate/manifest.json
비,U+BE44,0xa0d9,0x94d8,2079,85,PROVISIONAL_RESEARCH,font-overlay-field-ui-candidate/manifest.json
빈,U+BE48,0xa0da,0x94c4,2078,85,PROVISIONAL_RESEARCH,font-overlay-field-ui-candidate/manifest.json
빛,U+BE5B,0xa0db,0x9049,2077,85,PROVISIONAL_RESEARCH,font-overlay-field-ui-candidate/manifest.json
빠,U+BE60,0xa0dc,0x8fc9,2076,85,PROVISIONAL_RESEARCH,font-overlay-field-ui-candidate/manifest.json
빼,U+BE7C,0xa0dd,0x9465,2075,85,PROVISIONAL_RESEARCH,font-overlay-field-ui-candidate/manifest.json
사,U+C0AC,0xa0de,0x8cd5,2073,85,PROVISIONAL_RESEARCH,font-overlay-field-ui-candidate/manifest.json
살,U+C0B4,0xa0df,0x9854,2072,85,PROVISIONAL_RESEARCH,font-overlay-field-ui-candidate/manifest.json
상,U+C0C1,0xa0e0,0x9193,2071,85,PROVISIONAL_RESEARCH,font-overlay-field-ui-candidate/manifest.json
새,U+C0C8,0xa0e1,0x957b,2069,85,PROVISIONAL_RESEARCH,font-overlay-field-ui-candidate/manifest.json
생,U+C0DD,0xa0e2,0xe581,2068,85,PROVISIONAL_RESEARCH,font-overlay-field-ui-candidate/manifest.json
서,U+C11C,0xa0e3,0x9277,2067,85,PROVISIONAL_RESEARCH,font-overlay-field-ui-candidate/manifest.json
석,U+C11D,0xa0e4,0x9365,2066,85,PROVISIONAL_RESEARCH,font-overlay-field-ui-candidate/manifest.json
선,U+C120,0xa0e5,0x89f4,2064,85,PROVISIONAL_RESEARCH,font-overlay-field-ui-candidate/manifest.json
설,U+C124,0xa0e6,0x89c9,2063,85,PROVISIONAL_RESEARCH,font-overlay-field-ui-candidate/manifest.json
섬,U+C12C,0xa0e7,0x914b,2056,85,PROVISIONAL_RESEARCH,font-overlay-field-ui-candidate/manifest.json
성,U+C131,0xa0e8,0x8fd1,2055,85,PROVISIONAL_RESEARCH,font-overlay-field-ui-candidate/manifest.json
세,U+C138,0xa0e9,0x9243,2053,85,PROVISIONAL_RESEARCH,font-overlay-field-ui-candidate/manifest.json
소,U+C18C,0xa0ea,0x929a,2052,85,PROVISIONAL_RESEARCH,font-overlay-field-ui-candidate/manifest.json
속,U+C18D,0xa0eb,0x8cba,2051,85,PROVISIONAL_RESEARCH,font-overlay-field-ui-candidate/manifest.json
손,U+C190,0xa0ec,0x8fc2,2050,85,PROVISIONAL_RESEARCH,font-overlay-field-ui-candidate/manifest.json
수,U+C218,0xa0ed,0x8e62,2049,85,PROVISIONAL_RESEARCH,font-overlay-field-ui-candidate/manifest.json
숙,U+C219,0xa0ee,0x96cf,2047,85,PROVISIONAL_RESEARCH,font-overlay-field-ui-candidate/manifest.json
술,U+C220,0xa0ef,0x934d,2046,85,PROVISIONAL_RESEARCH,font-overlay-field-ui-candidate/manifest.json
숲,U+C232,0xa0f0,0x9cd4,2045,85,PROVISIONAL_RESEARCH,font-overlay-field-ui-candidate/manifest.json
스,U+C2A4,0xa0f1,0x96e7,2044,85,PROVISIONAL_RESEARCH,font-overlay-field-ui-candidate/manifest.json
슬,U+C2AC,0xa0f2,0x906d,2043,85,PROVISIONAL_RESEARCH,font-overlay-field-ui-candidate/manifest.json
습,U+C2B5,0xa0f3,0x8d4f,2042,85,PROVISIONAL_RESEARCH,font-overlay-field-ui-candidate/manifest.json
시,U+C2DC,0xa0f4,0xe3f9,2041,85,PROVISIONAL_RESEARCH,font-overlay-field-ui-candidate/manifest.json
신,U+C2E0,0xa0f5,0x9546,2040,85,PROVISIONAL_RESEARCH,font-overlay-field-ui-candidate/manifest.json
실,U+C2E4,0xa0f6,0x8bd0,2039,85,PROVISIONAL_RESEARCH,font-overlay-field-ui-candidate/manifest.json
쓰,U+C4F0,0xa0f7,0x8ab0,2038,85,PROVISIONAL_RESEARCH,font-overlay-field-ui-candidate/manifest.json
쓸,U+C4F8,0xa0f8,0x9aa0,2037,85,PROVISIONAL_RESEARCH,font-overlay-field-ui-candidate/manifest.json
아,U+C544,0xa0f9,0x8fcb,2036,85,PROVISIONAL_RESEARCH,font-overlay-field-ui-candidate/manifest.json
안,U+C548,0xa0fa,0x9c5c,2035,85,PROVISIONAL_RESEARCH,font-overlay-field-ui-candidate/manifest.json
않,U+C54A,0xa0fb,0xe056,2034,85,PROVISIONAL_RESEARCH,font-overlay-field-ui-candidate/manifest.json
았,U+C558,0xa0fc,0x88ae,2033,85,PROVISIONAL_RESEARCH,font-overlay-field-ui-candidate/manifest.json
애,U+C560,0xa140,0x88ed,2032,85,PROVISIONAL_RESEARCH,font-overlay-field-ui-candidate/manifest.json
액,U+C561,0xa141,0x8d47,2031,85,PROVISIONAL_RESEARCH,font-overlay-field-ui-candidate/manifest.json
양,U+C591,0xa142,0x8dc6,2030,85,PROVISIONAL_RESEARCH,font-overlay-field-ui-candidate/manifest.json
어,U+C5B4,0xa143,0x97ba,2029,85,PROVISIONAL_RESEARCH,font-overlay-field-ui-candidate/manifest.json
얻,U+C5BB,0xa144,0x92df,2028,85,PROVISIONAL_RESEARCH,font-overlay-field-ui-candidate/manifest.json
업,U+C5C5,0xa145,0x8f81,2027,85,PROVISIONAL_RESEARCH,font-overlay-field-ui-candidate/manifest.json
없,U+C5C6,0xa146,0x8fc0,2026,85,PROVISIONAL_RESEARCH,font-overlay-field-ui-candidate/manifest.json
었,U+C5C8,0xa147,0x8ce1,2025,85,PROVISIONAL_RESEARCH,font-overlay-field-ui-candidate/manifest.json
에,U+C5D0,0xa148,0x89c3,2024,85,PROVISIONAL_RESEARCH,font-overlay-field-ui-candidate/manifest.json
여,U+C5EC,0xa149,0x9456,2023,85,PROVISIONAL_RESEARCH,font-overlay-field-ui-candidate/manifest.json
연,U+C5F0,0xa14a,0x9694,2022,85,PROVISIONAL_RESEARCH,font-overlay-field-ui-candidate/manifest.json
열,U+C5F4,0xa14b,0x97b2,2021,85,PROVISIONAL_RESEARCH,font-overlay-field-ui-candidate/manifest.json
예,U+C608,0xa14c,0x9099,2020,85,PROVISIONAL_RESEARCH,font-overlay-field-ui-candidate/manifest.json
오,U+C624,0xa14d,0x89c0,2019,85,PROVISIONAL_RESEARCH,font-overlay-field-ui-candidate/manifest.json
올,U+C62C,0xa14e,0x8fb9,2018,85,PROVISIONAL_RESEARCH,font-overlay-field-ui-candidate/manifest.json
와,U+C640,0xa14f,0x8c9b,2017,85,PROVISIONAL_RESEARCH,font-overlay-field-ui-candidate/manifest.json
완,U+C644,0xa150,0x984e,2016,85,PROVISIONAL_RESEARCH,font-overlay-field-ui-candidate/manifest.json
요,U+C694,0xa151,0x964d,2015,85,PROVISIONAL_RESEARCH,font-overlay-field-ui-candidate/manifest.json
용,U+C6A9,0xa152,0x8f73,2014,85,PROVISIONAL_RESEARCH,font-overlay-field-ui-candidate/manifest.json
운,U+C6B4,0xa153,0x8a94,2013,85,PROVISIONAL_RESEARCH,font-overlay-field-ui-candidate/manifest.json
움,U+C6C0,0xa154,0x89b5,2012,85,PROVISIONAL_RESEARCH,font-overlay-field-ui-candidate/manifest.json
워,U+C6CC,0xa155,0x96c8,2011,85,PROVISIONAL_RESEARCH,font-overlay-field-ui-candidate/manifest.json
원,U+C6D0,0xa156,0x97e6,2010,85,PROVISIONAL_RESEARCH,font-overlay-field-ui-candidate/manifest.json
월,U+C6D4,0xa157,0x92cb,2009,85,PROVISIONAL_RESEARCH,font-overlay-field-ui-candidate/manifest.json
위,U+C704,0xa158,0x8bb1,2008,85,PROVISIONAL_RESEARCH,font-overlay-field-ui-candidate/manifest.json
유,U+C720,0xa159,0x93e7,2007,85,PROVISIONAL_RESEARCH,font-overlay-field-ui-candidate/manifest.json
으,U+C73C,0xa15a,0x95e3,2006,85,PROVISIONAL_RESEARCH,font-overlay-field-ui-candidate/manifest.json
은,U+C740,0xa15b,0x8de8,2005,85,PROVISIONAL_RESEARCH,font-overlay-field-ui-candidate/manifest.json
을,U+C744,0xa15c,0x8a8b,2004,85,PROVISIONAL_RESEARCH,font-overlay-field-ui-candidate/manifest.json
음,U+C74C,0xa15d,0x8c49,2003,85,PROVISIONAL_RESEARCH,font-overlay-field-ui-candidate/manifest.json
의,U+C758,0xa15e,0x93a1,2002,85,PROVISIONAL_RESEARCH,font-overlay-field-ui-candidate/manifest.json
이,U+C774,0xa15f,0x90c4,2001,85,PROVISIONAL_RESEARCH,font-overlay-field-ui-candidate/manifest.json
익,U+C775,0xa160,0x89aa,2000,85,PROVISIONAL_RESEARCH,font-overlay-field-ui-candidate/manifest.json
인,U+C778,0xa161,0x89ea,1999,85,PROVISIONAL_RESEARCH,font-overlay-field-ui-candidate/manifest.json
일,U+C77C,0xa162,0x9162,1998,85,PROVISIONAL_RESEARCH,font-overlay-field-ui-candidate/manifest.json
읽,U+C77D,0xa163,0x8ec4,1997,85,PROVISIONAL_RESEARCH,font-overlay-field-ui-candidate/manifest.json
임,U+C784,0xa164,0x8ba7,1996,85,PROVISIONAL_RESEARCH,font-overlay-field-ui-candidate/manifest.json
입,U+C785,0xa165,0x9082,1995,85,PROVISIONAL_RESEARCH,font-overlay-field-ui-candidate/manifest.json
있,U+C788,0xa166,0x8c46,1994,85,PROVISIONAL_RESEARCH,font-overlay-field-ui-candidate/manifest.json
자,U+C790,0xa167,0x8a87,1993,85,PROVISIONAL_RESEARCH,font-overlay-field-ui-candidate/manifest.json
작,U+C791,0xa168,0x88c9,1992,85,PROVISIONAL_RESEARCH,font-overlay-field-ui-candidate/manifest.json
잘,U+C798,0xa169,0x8de3,1991,85,PROVISIONAL_RESEARCH,font-overlay-field-ui-candidate/manifest.json
장,U+C7A5,0xa16a,0x8d61,1990,85,PROVISIONAL_RESEARCH,font-overlay-field-ui-candidate/manifest.json
저,U+C800,0xa16b,0x8d5f,1989,85,PROVISIONAL_RESEARCH,font-overlay-field-ui-candidate/manifest.json
적,U+C801,0xa16c,0x96f6,1988,85,PROVISIONAL_RESEARCH,font-overlay-field-ui-candidate/manifest.json
전,U+C804,0xa16d,0x907b,1987,85,PROVISIONAL_RESEARCH,font-overlay-field-ui-candidate/manifest.json
점,U+C810,0xa16e,0x96f5,1986,85,PROVISIONAL_RESEARCH,font-overlay-field-ui-candidate/manifest.json
접,U+C811,0xa16f,0x8d5d,1985,85,PROVISIONAL_RESEARCH,font-overlay-field-ui-candidate/manifest.json
정,U+C815,0xa170,0x9753,1984,85,PROVISIONAL_RESEARCH,font-overlay-field-ui-candidate/manifest.json
제,U+C81C,0xa171,0x93d6,1983,85,PROVISIONAL_RESEARCH,font-overlay-field-ui-candidate/manifest.json
졌,U+C84C,0xa172,0x94f3,1982,85,PROVISIONAL_RESEARCH,font-overlay-field-ui-candidate/manifest.json
조,U+C870,0xa173,0x9272,1981,85,PROVISIONAL_RESEARCH,font-overlay-field-ui-candidate/manifest.json
족,U+C871,0xa174,0x8d57,1980,85,PROVISIONAL_RESEARCH,font-overlay-field-ui-candidate/manifest.json
종,U+C885,0xa175,0x9271,1979,85,PROVISIONAL_RESEARCH,font-overlay-field-ui-candidate/manifest.json
주,U+C8FC,0xa176,0x8959,1978,85,PROVISIONAL_RESEARCH,font-overlay-field-ui-candidate/manifest.json
중,U+C911,0xa177,0xe1c1,1977,85,PROVISIONAL_RESEARCH,font-overlay-field-ui-candidate/manifest.json
즐,U+C990,0xa178,0x918f,1976,85,PROVISIONAL_RESEARCH,font-overlay-field-ui-candidate/manifest.json
증,U+C99D,0xa179,0x9843,1975,85,PROVISIONAL_RESEARCH,font-overlay-field-ui-candidate/manifest.json
지,U+C9C0,0xa17a,0x9842,1974,85,PROVISIONAL_RESEARCH,font-overlay-field-ui-candidate/manifest.json
직,U+C9C1,0xa17b,0x8b93,1973,85,PROVISIONAL_RESEARCH,font-overlay-field-ui-candidate/manifest.json
진,U+C9C4,0xa17c,0x8b7b,1972,85,PROVISIONAL_RESEARCH,font-overlay-field-ui-candidate/manifest.json
질,U+C9C8,0xa17d,0x8a50,1971,85,PROVISIONAL_RESEARCH,font-overlay-field-ui-candidate/manifest.json
집,U+C9D1,0xa17e,0x95e4,1970,85,PROVISIONAL_RESEARCH,font-overlay-field-ui-candidate/manifest.json
째,U+C9F8,0xa180,0x99ef,1969,85,PROVISIONAL_RESEARCH,font-overlay-field-ui-candidate/manifest.json
쪽,U+CABD,0xa181,0xe1d2,1968,85,PROVISIONAL_RESEARCH,font-overlay-field-ui-candidate/manifest.json
차,U+CC28,0xa182,0x9a4c,1967,85,PROVISIONAL_RESEARCH,font-overlay-field-ui-candidate/manifest.json
착,U+CC29,0xa183,0x8755,1966,85,PROVISIONAL_RESEARCH,font-overlay-field-ui-candidate/manifest.json
창,U+CC3D,0xa184,0x908a,1965,85,PROVISIONAL_RESEARCH,font-overlay-field-ui-candidate/manifest.json
채,U+CC44,0xa185,0x906f,1964,85,PROVISIONAL_RESEARCH,font-overlay-field-ui-candidate/manifest.json
책,U+CC45,0xa186,0x9678,1963,85,PROVISIONAL_RESEARCH,font-overlay-field-ui-candidate/manifest.json
처,U+CC98,0xa187,0x93ba,1962,85,PROVISIONAL_RESEARCH,font-overlay-field-ui-candidate/manifest.json
첫,U+CCAB,0xa188,0x9478,1961,85,PROVISIONAL_RESEARCH,font-overlay-field-ui-candidate/manifest.json
체,U+CCB4,0xa189,0x8ece,1960,85,PROVISIONAL_RESEARCH,font-overlay-field-ui-candidate/manifest.json
촌,U+CD0C,0xa18a,0x8951,1959,85,PROVISIONAL_RESEARCH,font-overlay-field-ui-candidate/manifest.json
최,U+CD5C,0xa18b,0x95c5,1958,85,PROVISIONAL_RESEARCH,font-overlay-field-ui-candidate/manifest.json
추,U+CD94,0xa18c,0x9098,1957,85,PROVISIONAL_RESEARCH,font-overlay-field-ui-candidate/manifest.json
출,U+CD9C,0xa18d,0x8e98,1956,85,PROVISIONAL_RESEARCH,font-overlay-field-ui-candidate/manifest.json
춤,U+CDA4,0xa18e,0x89ad,1955,85,PROVISIONAL_RESEARCH,font-overlay-field-ui-candidate/manifest.json
춰,U+CDB0,0xa18f,0x8f63,1954,85,PROVISIONAL_RESEARCH,font-overlay-field-ui-candidate/manifest.json
치,U+CE58,0xa190,0x8a67,1953,85,PROVISIONAL_RESEARCH,font-overlay-field-ui-candidate/manifest.json
카,U+CE74,0xa191,0x94cc,1952,85,PROVISIONAL_RESEARCH,font-overlay-field-ui-candidate/manifest.json
칸,U+CE78,0xa192,0x946b,1951,85,PROVISIONAL_RESEARCH,font-overlay-field-ui-candidate/manifest.json
캐,U+CE90,0xa193,0x9867,1950,85,PROVISIONAL_RESEARCH,font-overlay-field-ui-candidate/manifest.json
커,U+CEE4,0xa194,0x92ad,1949,85,PROVISIONAL_RESEARCH,font-overlay-field-ui-candidate/manifest.json
컬,U+CEEC,0xa195,0x914d,1948,85,PROVISIONAL_RESEARCH,font-overlay-field-ui-candidate/manifest.json
켜,U+CF1C,0xa196,0x9786,1947,85,PROVISIONAL_RESEARCH,font-overlay-field-ui-candidate/manifest.json
콤,U+CF64,0xa197,0x8f8c,1946,85,PROVISIONAL_RESEARCH,font-overlay-field-ui-candidate/manifest.json
쿨,U+CFE8,0xa198,0x94e3,1945,85,PROVISIONAL_RESEARCH,font-overlay-field-ui-candidate/manifest.json
크,U+D06C,0xa199,0x88ec,1944,85,PROVISIONAL_RESEARCH,font-overlay-field-ui-candidate/manifest.json
큰,U+D070,0xa19a,0x9063,1943,85,PROVISIONAL_RESEARCH,font-overlay-field-ui-candidate/manifest.json
클,U+D074,0xa19b,0x9062,1942,85,PROVISIONAL_RESEARCH,font-overlay-field-ui-candidate/manifest.json
큽,U+D07D,0xa19c,0x985a,1941,85,PROVISIONAL_RESEARCH,font-overlay-field-ui-candidate/manifest.json
킬,U+D0AC,0xa19d,0x91bf,1940,85,PROVISIONAL_RESEARCH,font-overlay-field-ui-candidate/manifest.json
타,U+D0C0,0xa19e,0x8946,1939,85,PROVISIONAL_RESEARCH,font-overlay-field-ui-candidate/manifest.json
태,U+D0DC,0xa19f,0x8ce2,1938,85,PROVISIONAL_RESEARCH,font-overlay-field-ui-candidate/manifest.json
택,U+D0DD,0xa1a0,0x8c5f,1937,85,PROVISIONAL_RESEARCH,font-overlay-field-ui-candidate/manifest.json
터,U+D130,0xa1a1,0x8cdf,1936,85,PROVISIONAL_RESEARCH,font-overlay-field-ui-candidate/manifest.json
테,U+D14C,0xa1a2,0x97f2,1935,85,PROVISIONAL_RESEARCH,font-overlay-field-ui-candidate/manifest.json
템,U+D15C,0xa1a3,0x8db9,1934,85,PROVISIONAL_RESEARCH,font-overlay-field-ui-candidate/manifest.json
토,U+D1A0,0xa1a4,0x9cc9,1933,85,PROVISIONAL_RESEARCH,font-overlay-field-ui-candidate/manifest.json
통,U+D1B5,0xa1a5,0x91b2,1932,85,PROVISIONAL_RESEARCH,font-overlay-field-ui-candidate/manifest.json
투,U+D22C,0xa1a6,0x88db,1931,85,PROVISIONAL_RESEARCH,font-overlay-field-ui-candidate/manifest.json
트,U+D2B8,0xa1a7,0x8db4,1930,85,PROVISIONAL_RESEARCH,font-overlay-field-ui-candidate/manifest.json
튼,U+D2BC,0xa1a8,0xe081,1929,85,PROVISIONAL_RESEARCH,font-overlay-field-ui-candidate/manifest.json
틀,U+D2C0,0xa1a9,0x8c4d,1928,85,PROVISIONAL_RESEARCH,font-overlay-field-ui-candidate/manifest.json
티,U+D2F0,0xa1aa,0x95a3,1927,85,PROVISIONAL_RESEARCH,font-overlay-field-ui-candidate/manifest.json
틱,U+D2F1,0xa1ab,0x8e88,1926,85,PROVISIONAL_RESEARCH,font-overlay-field-ui-candidate/manifest.json
파,U+D30C,0xa1ac,0x8da8,1925,85,PROVISIONAL_RESEARCH,font-overlay-field-ui-candidate/manifest.json
판,U+D310,0xa1ad,0x9440,1924,85,PROVISIONAL_RESEARCH,font-overlay-field-ui-candidate/manifest.json
패,U+D328,0xa1ae,0x8b67,1923,85,PROVISIONAL_RESEARCH,font-overlay-field-ui-candidate/manifest.json
포,U+D3EC,0xa1af,0x90c0,1922,85,PROVISIONAL_RESEARCH,font-overlay-field-ui-candidate/manifest.json
표,U+D45C,0xa1b0,0x93d7,1921,85,PROVISIONAL_RESEARCH,font-overlay-field-ui-candidate/manifest.json
품,U+D488,0xa1b1,0x8bde,1920,85,PROVISIONAL_RESEARCH,font-overlay-field-ui-candidate/manifest.json
플,U+D50C,0xa1b2,0xe1c5,1919,85,PROVISIONAL_RESEARCH,font-overlay-field-ui-candidate/manifest.json
피,U+D53C,0xa1b3,0x8af7,1918,85,PROVISIONAL_RESEARCH,font-overlay-field-ui-candidate/manifest.json
필,U+D544,0xa1b4,0x8d8e,1916,85,PROVISIONAL_RESEARCH,font-overlay-field-ui-candidate/manifest.json
하,U+D558,0xa1b5,0x9661,1915,85,PROVISIONAL_RESEARCH,font-overlay-field-ui-candidate/manifest.json
한,U+D55C,0xa1b6,0x92de,1914,85,PROVISIONAL_RESEARCH,font-overlay-field-ui-candidate/manifest.json
할,U+D560,0xa1b7,0x949c,1913,85,PROVISIONAL_RESEARCH,font-overlay-field-ui-candidate/manifest.json
함,U+D568,0xa1b8,0x92dd,1912,85,PROVISIONAL_RESEARCH,font-overlay-field-ui-candidate/manifest.json
합,U+D569,0xa1b9,0x8fbc,1911,85,PROVISIONAL_RESEARCH,font-overlay-field-ui-candidate/manifest.json
항,U+D56D,0xa1ba,0x93b6,1910,85,PROVISIONAL_RESEARCH,font-overlay-field-ui-candidate/manifest.json
해,U+D574,0xa1bb,0x92d7,1909,85,PROVISIONAL_RESEARCH,font-overlay-field-ui-candidate/manifest.json
했,U+D588,0xa1bc,0x8dfb,1908,85,PROVISIONAL_RESEARCH,font-overlay-field-ui-candidate/manifest.json
행,U+D589,0xa1bd,0x9177,1907,85,PROVISIONAL_RESEARCH,font-overlay-field-ui-candidate/manifest.json
형,U+D615,0xa1be,0x9570,1906,85,PROVISIONAL_RESEARCH,font-overlay-field-ui-candidate/manifest.json
혼,U+D63C,0xa1bf,0x8184,1905,85,PROVISIONAL_RESEARCH,font-overlay-field-ui-candidate/manifest.json
화,U+D654,0xa1c0,0x8183,1904,85,PROVISIONAL_RESEARCH,font-overlay-field-ui-candidate/manifest.json
확,U+D655,0xa1c1,0x9490,1903,85,PROVISIONAL_RESEARCH,font-overlay-field-ui-candidate/manifest.json
환,U+D658,0xa1c2,0x99ea,1902,85,PROVISIONAL_RESEARCH,font-overlay-field-ui-candidate/manifest.json
황,U+D669,0xa1c3,0x8e54,1901,85,PROVISIONAL_RESEARCH,font-overlay-field-ui-candidate/manifest.json
회,U+D68C,0xa1c4,0x9968,1900,85,PROVISIONAL_RESEARCH,font-overlay-field-ui-candidate/manifest.json
효,U+D6A8,0xa1c5,0x91ec,1899,85,PROVISIONAL_RESEARCH,font-overlay-field-ui-candidate/manifest.json
후,U+D6C4,0xa1c6,0x89f2,1898,85,PROVISIONAL_RESEARCH,font-overlay-field-ui-candidate/manifest.json
히,U+D788,0xa1c7,0x9249,1897,85,PROVISIONAL_RESEARCH,font-overlay-field-ui-candidate/manifest.json
힌,U+D78C,0xa1c8,0x8d69,1895,85,PROVISIONAL_RESEARCH,font-overlay-field-ui-candidate/manifest.json
