id,category,sub_category,source_file,inner_file,record_id,scene_id,string_index,original_offset,pointer_offset,jp_raw_hex,jp_text,kr_text,kr_encoded_hex,speaker,control_codes,status,game_verified,translator_note,review_note
BATTLE_CMD_0001,BATTLE,command,BATTLE.BIN,,0,,0,0x093BE8,,B5 EA DD 00 00 00 00 00 00 00,コンボ,콤보,UNASSIGNED,,[],TRANSLATED,NO,명령 슬롯은 10바이트 고정 배열이다.,BATTLE_COMMAND_TABLE.csv confirmed.
BATTLE_CMD_0002,BATTLE,command,BATTLE.BIN,,1,,1,0x093BF2,,38 F0 39 F0 28 3F F0 34 F3 00,防御・回避,방어·회피,UNASSIGNED,,[],TRANSLATED,NO,명령 슬롯은 10바이트 고정 배열이다.,BATTLE_COMMAND_TABLE.csv confirmed.
BATTLE_CMD_0003,BATTLE,command,BATTLE.BIN,,2,,2,0x093BFC,,47 F5 E8 F4 00 00 00 00 00 00,<47F5><E8F4>,UNTRANSLATED,UNASSIGNED,,"[""CUSTOM_CODE:47F5"",""CUSTOM_CODE:E8F4""]",UNTRANSLATED,NO,명령 슬롯은 10바이트 고정 배열이다.,슬롯 2는 원문 코드 47 F5 E8 F4의 의미가 미확정이므로 추측 번역하지 않음.
BATTLE_CMD_0004,BATTLE,command,BATTLE.BIN,,3,,3,0x093C06,,30 F1 EB F0 00 00 00 00 00 00,作戦,작전,UNASSIGNED,,[],TRANSLATED,NO,명령 슬롯은 10바이트 고정 배열이다.,BATTLE_COMMAND_TABLE.csv confirmed.
BATTLE_CMD_0005,BATTLE,command,BATTLE.BIN,,4,,4,0x093C10,,57 F0 58 F0 00 00 00 00 00 00,道具,도구,UNASSIGNED,,[],TRANSLATED,NO,명령 슬롯은 10바이트 고정 배열이다.,BATTLE_COMMAND_TABLE.csv confirmed.
BATTLE_CMD_0006,BATTLE,command,BATTLE.BIN,,5,,5,0x093C1A,,B1 EC C7 A5 AD ED 00 00 00 00,クリティカル,크리티컬,UNASSIGNED,,[],TRANSLATED,NO,명령 슬롯은 10바이트 고정 배열이다.,BATTLE_COMMAND_TABLE.csv confirmed.
BATTLE_CMD_0007,BATTLE,command,BATTLE.BIN,,6,,6,0x093C24,,32 F1 33 F1 54 F0 E9 F0 00 00,武器使用,무기 사용,UNASSIGNED,,[],TRANSLATED,NO,명령 슬롯은 10바이트 고정 배열이다.,BATTLE_COMMAND_TABLE.csv confirmed.
BATTLE_CMD_0008,BATTLE,command,BATTLE.BIN,,7,,7,0x093C2E,,4A F0 4B F0 00 00 00 00 00 00,魔法,마법,UNASSIGNED,,[],TRANSLATED,NO,명령 슬롯은 10바이트 고정 배열이다.,BATTLE_COMMAND_TABLE.csv confirmed.
BATTLE_CMD_0009,BATTLE,command,BATTLE.BIN,,8,,8,0x093C38,,4C F0 4D F0 4E F0 00 00 00 00,必殺技,필살기,UNASSIGNED,,[],TRANSLATED,NO,명령 슬롯은 10바이트 고정 배열이다.,BATTLE_COMMAND_TABLE.csv confirmed.
BATTLE_CMD_0010,BATTLE,command,BATTLE.BIN,,9,,9,0x093C42,,AC 27 D7 00 00 00 00 00 00 00,オーブ,오브,UNASSIGNED,,[],TRANSLATED,NO,명령 슬롯은 10바이트 고정 배열이다.,BATTLE_COMMAND_TABLE.csv confirmed.
BATTLE_MSG_0001,BATTLE,ui_message,BATTLE.BIN,,BATTLE_TEXT_POOL,,0,0x090DA8,,4F F2 22 F1,実行,실행,UNASSIGNED,,[],TRANSLATED,NO,전투 UI/타깃/작전 설명 문자열.,decode_coverage=1.000
BATTLE_MSG_0002,BATTLE,ui_message,BATTLE.BIN,,BATTLE_TEXT_POOL,,1,0x090DB0,,30 F1 EB F0,作戦,작전,UNASSIGNED,,[],TRANSLATED,NO,전투 UI/타깃/작전 설명 문자열.,decode_coverage=1.000
BATTLE_MSG_0003,BATTLE,ui_message,BATTLE.BIN,,BATTLE_TEXT_POOL,,2,0x091688,,36 F0 37 F0,攻撃,공격,UNASSIGNED,,[],TRANSLATED,NO,전투 UI/타깃/작전 설명 문자열.,decode_coverage=1.000
BATTLE_MSG_0004,BATTLE,ui_message,BATTLE.BIN,,BATTLE_TEXT_POOL,,3,0x09168D,,3F F0 B6 F0,回復,회복,UNASSIGNED,,[],TRANSLATED,NO,전투 UI/타깃/작전 설명 문자열.,decode_coverage=1.000
BATTLE_MSG_0005,BATTLE,ui_message,BATTLE.BIN,,BATTLE_TEXT_POOL,,4,0x091692,,35 F1 6F F0,強化,강화,UNASSIGNED,,[],TRANSLATED,NO,전투 UI/타깃/작전 설명 문자열.,decode_coverage=1.000
BATTLE_MSG_0006,BATTLE,ui_message,BATTLE.BIN,,BATTLE_TEXT_POOL,,5,0x0916A5,,3A F0,敵,적,UNASSIGNED,,[],TRANSLATED,NO,전투 UI/타깃/작전 설명 문자열.,decode_coverage=1.000
BATTLE_MSG_0007,BATTLE,ui_message,BATTLE.BIN,,BATTLE_TEXT_POOL,,6,0x0916AA,,3B F0 3C F0,味方,아군,UNASSIGNED,,[],TRANSLATED,NO,전투 UI/타깃/작전 설명 문자열.,decode_coverage=1.000
BATTLE_MSG_0008,BATTLE,ui_message,BATTLE.BIN,,BATTLE_TEXT_POOL,,7,0x0916AF,,3B F0 3C F0,味方,아군,UNASSIGNED,,[],TRANSLATED,NO,전투 UI/타깃/작전 설명 문자열.,decode_coverage=1.000
BATTLE_MSG_0009,BATTLE,ui_message,BATTLE.BIN,,BATTLE_TEXT_POOL,,8,0x0916B9,,3D F0 5B F0,自分,자신,UNASSIGNED,,[],TRANSLATED,NO,전투 UI/타깃/작전 설명 문자열.,decode_coverage=1.000
BATTLE_MSG_0010,BATTLE,ui_message,BATTLE.BIN,,BATTLE_TEXT_POOL,,9,0x0916BE,,3B F0 3C F0,味方,아군,UNASSIGNED,,[],TRANSLATED,NO,전투 UI/타깃/작전 설명 문자열.,decode_coverage=1.000
BATTLE_MSG_0011,BATTLE,ui_message,BATTLE.BIN,,BATTLE_TEXT_POOL,,10,0x0916CD,,BE F2 7E F0,単体,단일,UNASSIGNED,,[],TRANSLATED,NO,전투 UI/타깃/작전 설명 문자열.,decode_coverage=1.000
BATTLE_MSG_0012,BATTLE,ui_message,BATTLE.BIN,,BATTLE_TEXT_POOL,,11,0x0916E1,,7B F1 7E F0,全体,전체,UNASSIGNED,,[],TRANSLATED,NO,전투 UI/타깃/작전 설명 문자열.,decode_coverage=1.000
BATTLE_MSG_0013,BATTLE,ui_message,BATTLE.BIN,,BATTLE_TEXT_POOL,,12,0x0916E6,,3D F0 5B F0,自分,자신,UNASSIGNED,,[],TRANSLATED,NO,전투 UI/타깃/작전 설명 문자열.,decode_coverage=1.000
BATTLE_MSG_0014,BATTLE,ui_message,BATTLE.BIN,,BATTLE_TEXT_POOL,,13,0x0916EB,,B3 F2 B1 F1,周囲,주변,UNASSIGNED,,[],TRANSLATED,NO,전투 UI/타깃/작전 설명 문자열.,decode_coverage=1.000
BATTLE_MSG_0015,BATTLE,ui_message,BATTLE.BIN,,BATTLE_TEXT_POOL,,14,0x0916F0,,57 F0 58 F0 5F 55 9C 90 6E A2,道具がありません,도구가 없습니다,UNASSIGNED,,[],TRANSLATED,NO,전투 UI/타깃/작전 설명 문자열.,decode_coverage=1.000
BATTLE_MSG_0016,BATTLE,ui_message,BATTLE.BIN,,BATTLE_TEXT_POOL,,15,0x0916FD,,4A F0 4B F0 5F 55 9C 90 6E A2,魔法がありません,마법이 없습니다,UNASSIGNED,,[],TRANSLATED,NO,전투 UI/타깃/작전 설명 문자열.,decode_coverage=1.000
BATTLE_MSG_0017,BATTLE,ui_message,BATTLE.BIN,,BATTLE_TEXT_POOL,,16,0x09170A,,4E F0 A1 77 F4 64 F5 6A 78 90 6E A2,技を<77F4>得してません,기술을 습득하지 않았습니다,UNASSIGNED,,"[""CUSTOM_CODE:77F4""]",TRANSLATED,NO,전투 UI/타깃/작전 설명 문자열.,decode_coverage=0.889
BATTLE_MSG_0018,BATTLE,ui_message,BATTLE.BIN,,BATTLE_TEXT_POOL,,17,0x09171D,,4F F2 22 F1,実行,실행,UNASSIGNED,,[],TRANSLATED,NO,전투 UI/타깃/작전 설명 문자열.,decode_coverage=1.000
BATTLE_MSG_0019,BATTLE,ui_message,BATTLE.BIN,,BATTLE_TEXT_POOL,,18,0x091730,,DF CC E6 A4 ED,マニュアル,수동,UNASSIGNED,,[],TRANSLATED,NO,전투 UI/타깃/작전 설명 문자열.,decode_coverage=1.000
BATTLE_MSG_0020,BATTLE,ui_message,BATTLE.BIN,,BATTLE_TEXT_POOL,,19,0x091767,,D8 EE A6 E5 27 5F 3A F5 6B F0 B5 DF EA CA 60 F0 85 F0 A1 6A 90 6C,プレイヤーが<3AF5>接コマンド入力をします,플레이어가 직접 명령을 입력합니다,UNASSIGNED,,"[""CUSTOM_CODE:3AF5""]",TRANSLATED,NO,전투 UI/타깃/작전 설명 문자열.,decode_coverage=0.944
BATTLE_MSG_0021,BATTLE,ui_message,BATTLE.BIN,,BATTLE_TEXT_POOL,,20,0x091780,,B5 EA DD 7A B1 EC C7 A5 AD ED 80 91 A1 54 F0 E9 F0 6A 78,コンボとクリティカルのみを使用して,콤보와 크리티컬만 사용하여,UNASSIGNED,,[],TRANSLATED,NO,전투 UI/타깃/작전 설명 문자열.,decode_coverage=1.000
BATTLE_MSG_0022,BATTLE,ui_message,BATTLE.BIN,,BATTLE_TEXT_POOL,,21,0x0917C8,,3A F0 7D C2 E2 27 BA A1 B2 F2 5B 9D 36 F0 37 F0 C7 F3 80 30 F1 EB F0 79 6C,敵にダメージを与える攻撃型の作戦です,적에게 피해를 주는 공격형 작전입니다,UNASSIGNED,,[],TRANSLATED,NO,전투 UI/타깃/작전 설명 문자열.,decode_coverage=1.000
BATTLE_MSG_0023,BATTLE,ui_message,BATTLE.BIN,,BATTLE_TEXT_POOL,,22,0x0917E8,,EB F0 EC F0 80 75 F1 B1 F3 96 3A F0 80 35 F1 68 7D 83 F1 A0 6E 78,戦闘の状<B1F3>や敵の強さに合わせて,전투 상황과 적의 강도에 맞춰,UNASSIGNED,,"[""CUSTOM_CODE:B1F3""]",TRANSLATED,NO,전투 UI/타깃/작전 설명 문자열.,decode_coverage=0.933
BATTLE_MSG_0024,BATTLE,ui_message,BATTLE.BIN,,BATTLE_TEXT_POOL,,23,0x0917FF,,22 F1 46 F0 A1 50 F0 6F F0 68 6E 9D 60 F2 9A F1 C7 F3 80 30 F1 EB F0 79 6C,行動を変化させる万能型の作戦です,행동을 바꾸는 만능형 작전입니다,UNASSIGNED,,[],TRANSLATED,NO,전투 UI/타깃/작전 설명 문자열.,decode_coverage=1.000
BATTLE_MSG_0025,BATTLE,ui_message,BATTLE.BIN,,BATTLE_TEXT_POOL,,24,0x091B1E,,80 D3 F1 8F F9 A1 BA F1 93 72,の神髄を極めた,의 진수를 터득한,UNASSIGNED,,[],TRANSLATED,NO,전투 UI/타깃/작전 설명 문자열.,decode_coverage=1.000
BATTLE_MSG_0026,BATTLE,ui_message,BATTLE.BIN,,BATTLE_TEXT_POOL,,25,0x091B30,,81 78 F0 9E 72,は壊れた,가 부서졌다,UNASSIGNED,,[],TRANSLATED,NO,전투 UI/타깃/작전 설명 문자열.,decode_coverage=1.000
BATTLE_MSG_0027,BATTLE,ui_message,BATTLE.BIN,,BATTLE_TEXT_POOL,,26,0x093BE8,,B5 EA DD,コンボ,콤보,UNASSIGNED,,[],TRANSLATED,NO,전투 UI/타깃/작전 설명 문자열.,decode_coverage=1.000
BATTLE_MSG_0028,BATTLE,ui_message,BATTLE.BIN,,BATTLE_TEXT_POOL,,27,0x093C06,,30 F1 EB F0,作戦,작전,UNASSIGNED,,[],TRANSLATED,NO,전투 UI/타깃/작전 설명 문자열.,decode_coverage=1.000
BATTLE_MSG_0029,BATTLE,ui_message,BATTLE.BIN,,BATTLE_TEXT_POOL,,28,0x093C10,,57 F0 58 F0,道具,도구,UNASSIGNED,,[],TRANSLATED,NO,전투 UI/타깃/작전 설명 문자열.,decode_coverage=1.000
BATTLE_MSG_0030,BATTLE,ui_message,BATTLE.BIN,,BATTLE_TEXT_POOL,,29,0x093C1A,,B1 EC C7 A5 AD ED,クリティカル,크리티컬,UNASSIGNED,,[],TRANSLATED,NO,전투 UI/타깃/작전 설명 문자열.,decode_coverage=1.000
BATTLE_MSG_0031,BATTLE,ui_message,BATTLE.BIN,,BATTLE_TEXT_POOL,,30,0x093C24,,32 F1 33 F1 54 F0 E9 F0,武器使用,무기 사용,UNASSIGNED,,[],TRANSLATED,NO,전투 UI/타깃/작전 설명 문자열.,decode_coverage=1.000
BATTLE_MSG_0032,BATTLE,ui_message,BATTLE.BIN,,BATTLE_TEXT_POOL,,31,0x093C2E,,4A F0 4B F0,魔法,마법,UNASSIGNED,,[],TRANSLATED,NO,전투 UI/타깃/작전 설명 문자열.,decode_coverage=1.000
BATTLE_MSG_0033,BATTLE,ui_message,BATTLE.BIN,,BATTLE_TEXT_POOL,,32,0x093C42,,AC 27 D7,オーブ,오브,UNASSIGNED,,[],TRANSLATED,NO,전투 UI/타깃/작전 설명 문자열.,decode_coverage=1.000
SKILL_0001_NAME,SKILL,special_name,SYS/GR3.MDZ,GR3.MDT,0,,0,0x017605,0x013F74,,天空剣,천공검,UNASSIGNED,,[],TRANSLATED,NO,31개 GR3 특기 descriptor/action table population.,GR3_SPECIAL_SKILL_TABLE.csv confirmed.
SKILL_0001_DESC,SKILL,special_desc,SYS/GR3.MDZ,GR3.MDT,0,,0,0x016F6F,0x013688,,天高く舞い上がり敵を切り裂く,하늘 높이 날아올라 적을 베어 가른다,UNASSIGNED,,[],TRANSLATED,NO,31개 GR3 특기 descriptor/action table population.,GR3_SPECIAL_SKILL_TABLE.csv confirmed.
SKILL_0002_NAME,SKILL,special_name,SYS/GR3.MDZ,GR3.MDT,1,,1,0x01760C,0x0140F4,,旋風剣,선풍검,UNASSIGNED,,[],TRANSLATED,NO,31개 GR3 특기 descriptor/action table population.,GR3_SPECIAL_SKILL_TABLE.csv confirmed.
SKILL_0002_DESC,SKILL,special_desc,SYS/GR3.MDZ,GR3.MDT,1,,1,0x016FA3,0x013698,,一閃して旋風を吹き上げる,일격에 선풍을 일으켜 날려 버린다,UNASSIGNED,,[],TRANSLATED,NO,31개 GR3 특기 descriptor/action table population.,GR3_SPECIAL_SKILL_TABLE.csv confirmed.
SKILL_0003_NAME,SKILL,special_name,SYS/GR3.MDZ,GR3.MDT,2,,2,0x017613,0x014274,,疾風<B1F2>,질풍권,UNASSIGNED,,"[""CUSTOM_CODE:B1F2""]",REVIEW_1,NO,31개 GR3 특기 descriptor/action table population.,원문에 미해독 custom code 토큰이 있어 한국어 이름은 REVIEW_1 초안.
SKILL_0003_DESC,SKILL,special_desc,SYS/GR3.MDZ,GR3.MDT,2,,2,0x016FCD,0x0136A8,,風の力をかりて2倍の速度で動く,바람의 힘을 빌려 두 배의 속도로 움직인다,UNASSIGNED,,[],TRANSLATED,NO,31개 GR3 특기 descriptor/action table population.,원문에 미해독 custom code 토큰이 있어 한국어 이름은 REVIEW_1 초안.
SKILL_0004_NAME,SKILL,special_name,SYS/GR3.MDZ,GR3.MDT,3,,3,0x01761A,0x0143F4,,烈風<ACF2>舞,열풍난무,UNASSIGNED,,"[""CUSTOM_CODE:ACF2""]",REVIEW_1,NO,31개 GR3 특기 descriptor/action table population.,원문에 미해독 custom code 토큰이 있어 한국어 이름은 REVIEW_1 초안.
SKILL_0004_DESC,SKILL,special_desc,SYS/GR3.MDZ,GR3.MDT,3,,3,0x016FF8,0x0136B8,,連撃を叩き込み　敵を吹き飛ばす,연속 공격을 퍼부어 적을 날려 버린다,UNASSIGNED,,[],TRANSLATED,NO,31개 GR3 특기 descriptor/action table population.,원문에 미해독 custom code 토큰이 있어 한국어 이름은 REVIEW_1 초안.
SKILL_0005_NAME,SKILL,special_name,SYS/GR3.MDZ,GR3.MDT,4,,4,0x017623,0x014574,,無敵のオーラ,무적의 오라,UNASSIGNED,,[],TRANSLATED,NO,31개 GR3 특기 descriptor/action table population.,GR3_SPECIAL_SKILL_TABLE.csv confirmed.
SKILL_0005_DESC,SKILL,special_desc,SYS/GR3.MDZ,GR3.MDT,4,,4,0x01703E,0x0136C8,,精霊の加護を受けて身を護る,정령의 가호를 받아 몸을 보호한다,UNASSIGNED,,[],TRANSLATED,NO,31개 GR3 특기 descriptor/action table population.,GR3_SPECIAL_SKILL_TABLE.csv confirmed.
SKILL_0006_NAME,SKILL,special_name,SYS/GR3.MDZ,GR3.MDT,5,,5,0x01762C,0x0146F4,,竜<B1F2>剣,용왕검,UNASSIGNED,,"[""CUSTOM_CODE:B1F2""]",REVIEW_1,NO,31개 GR3 특기 descriptor/action table population.,원문에 미해독 custom code 토큰이 있어 한국어 이름은 REVIEW_1 초안.
SKILL_0006_DESC,SKILL,special_desc,SYS/GR3.MDZ,GR3.MDT,5,,5,0x017062,0x0136D8,,竜王の力を解放する<34F1><C3F1>奥義,용왕의 힘을 해방하는 궁극의 오의,UNASSIGNED,,"[""CUSTOM_CODE:34F1"",""CUSTOM_CODE:C3F1""]",REVIEW_1,NO,31개 GR3 특기 descriptor/action table population.,원문에 미해독 custom code 토큰이 있어 한국어 이름은 REVIEW_1 초안.
SKILL_0007_NAME,SKILL,special_name,SYS/GR3.MDZ,GR3.MDT,6,,6,0x017633,0x014874,,コメットスパイク,코멧 스파이크,UNASSIGNED,,[],TRANSLATED,NO,31개 GR3 특기 descriptor/action table population.,GR3_SPECIAL_SKILL_TABLE.csv confirmed.
SKILL_0007_DESC,SKILL,special_desc,SYS/GR3.MDZ,GR3.MDT,6,,6,0x017096,0x0136E8,,<93F9>星のような光を集め投げつける,유성 같은 빛을 모아 내던진다,UNASSIGNED,,"[""CUSTOM_CODE:93F9""]",REVIEW_1,NO,31개 GR3 특기 descriptor/action table population.,GR3_SPECIAL_SKILL_TABLE.csv confirmed.
SKILL_0008_NAME,SKILL,special_name,SYS/GR3.MDZ,GR3.MDT,7,,7,0x01763C,0x0149F4,,スタンフォース,스턴 포스,UNASSIGNED,,[],TRANSLATED,NO,31개 GR3 특기 descriptor/action table population.,GR3_SPECIAL_SKILL_TABLE.csv confirmed.
SKILL_0008_DESC,SKILL,special_desc,SYS/GR3.MDZ,GR3.MDT,7,,7,0x0170C9,0x0136F8,,閃光を飛ばし敵の動きを封じる,섬광을 날려 적의 움직임을 봉쇄한다,UNASSIGNED,,[],TRANSLATED,NO,31개 GR3 특기 descriptor/action table population.,GR3_SPECIAL_SKILL_TABLE.csv confirmed.
SKILL_0009_NAME,SKILL,special_name,SYS/GR3.MDZ,GR3.MDT,8,,8,0x017644,0x014B74,,リップルショット,리플 샷,UNASSIGNED,,[],TRANSLATED,NO,31개 GR3 특기 descriptor/action table population.,GR3_SPECIAL_SKILL_TABLE.csv confirmed.
SKILL_0009_DESC,SKILL,special_desc,SYS/GR3.MDZ,GR3.MDT,8,,8,0x0170FE,0x013708,,光の輪を作り敵を切り裂く,빛의 고리를 만들어 적을 베어 가른다,UNASSIGNED,,[],TRANSLATED,NO,31개 GR3 특기 descriptor/action table population.,GR3_SPECIAL_SKILL_TABLE.csv confirmed.
SKILL_0010_NAME,SKILL,special_name,SYS/GR3.MDZ,GR3.MDT,9,,9,0x01764D,0x014CF4,,ホーリーサークル,홀리 서클,UNASSIGNED,,[],TRANSLATED,NO,31개 GR3 특기 descriptor/action table population.,GR3_SPECIAL_SKILL_TABLE.csv confirmed.
SKILL_0010_DESC,SKILL,special_desc,SYS/GR3.MDZ,GR3.MDT,9,,9,0x017128,0x013718,,光の精霊に護<50F3>してもらう,빛의 정령에게 보호받는다,UNASSIGNED,,"[""CUSTOM_CODE:50F3""]",REVIEW_1,NO,31개 GR3 특기 descriptor/action table population.,GR3_SPECIAL_SKILL_TABLE.csv confirmed.
SKILL_0011_NAME,SKILL,special_name,SYS/GR3.MDZ,GR3.MDT,10,,10,0x017656,0x014E74,,エネルギードライブ,에너지 드라이브,UNASSIGNED,,[],TRANSLATED,NO,31개 GR3 특기 descriptor/action table population.,GR3_SPECIAL_SKILL_TABLE.csv confirmed.
SKILL_0011_DESC,SKILL,special_desc,SYS/GR3.MDZ,GR3.MDT,10,,10,0x017151,0x013728,,祈りを<60F6>げ仲間に戦う勇気を与える,기도를 바쳐 동료에게 싸울 용기를 준다,UNASSIGNED,,"[""CUSTOM_CODE:60F6""]",REVIEW_1,NO,31개 GR3 특기 descriptor/action table population.,GR3_SPECIAL_SKILL_TABLE.csv confirmed.
SKILL_0012_NAME,SKILL,special_name,SYS/GR3.MDZ,GR3.MDT,11,,11,0x017660,0x014FF4,,<C3F1>わる世界,변하는 세계,UNASSIGNED,,"[""CUSTOM_CODE:C3F1""]",REVIEW_1,NO,31개 GR3 특기 descriptor/action table population.,원문에 미해독 custom code 토큰이 있어 한국어 이름은 REVIEW_1 초안.
SKILL_0012_DESC,SKILL,special_desc,SYS/GR3.MDZ,GR3.MDT,11,,11,0x017175,0x013738,,ヘクトから受け継いだ<C3F1><39F8>の炎,헥토에게 물려받은 변화하는 세계의 불꽃,UNASSIGNED,,"[""CUSTOM_CODE:C3F1"",""CUSTOM_CODE:39F8""]",REVIEW_1,NO,31개 GR3 특기 descriptor/action table population.,원문에 미해독 custom code 토큰이 있어 한국어 이름은 REVIEW_1 초안.
SKILL_0013_NAME,SKILL,special_name,SYS/GR3.MDZ,GR3.MDT,12,,12,0x017669,0x015174,,<D4F2>双<ACF2>り,쌍검 난무,UNASSIGNED,,"[""CUSTOM_CODE:D4F2"",""CUSTOM_CODE:ACF2""]",REVIEW_1,NO,31개 GR3 특기 descriptor/action table population.,원문에 미해독 custom code 토큰이 있어 한국어 이름은 REVIEW_1 초안.
SKILL_0013_DESC,SKILL,special_desc,SYS/GR3.MDZ,GR3.MDT,12,,12,0x0171B5,0x013748,,<BEF0>早い短剣さばきで連撃を<52F7>り出す,매우 빠른 단검 솜씨로 연속 공격을 퍼붓는다,UNASSIGNED,,"[""CUSTOM_CODE:BEF0"",""CUSTOM_CODE:52F7""]",REVIEW_1,NO,31개 GR3 특기 descriptor/action table population.,원문에 미해독 custom code 토큰이 있어 한국어 이름은 REVIEW_1 초안.
SKILL_0014_NAME,SKILL,special_name,SYS/GR3.MDZ,GR3.MDT,13,,13,0x017671,0x0152F4,,地竜閃,지룡섬,UNASSIGNED,,[],TRANSLATED,NO,31개 GR3 특기 descriptor/action table population.,GR3_SPECIAL_SKILL_TABLE.csv confirmed.
SKILL_0014_DESC,SKILL,special_desc,SYS/GR3.MDZ,GR3.MDT,13,,13,0x0171EC,0x013758,,地を<91F9>う<ACF2>撃を走らせる,땅을 가르는 일격을 달리게 한다,UNASSIGNED,,"[""CUSTOM_CODE:91F9"",""CUSTOM_CODE:ACF2""]",REVIEW_1,NO,31개 GR3 특기 descriptor/action table population.,GR3_SPECIAL_SKILL_TABLE.csv confirmed.
SKILL_0015_NAME,SKILL,special_name,SYS/GR3.MDZ,GR3.MDT,14,,14,0x017678,0x015474,,スラストクラッシュ,스러스트 크래시,UNASSIGNED,,[],TRANSLATED,NO,31개 GR3 특기 descriptor/action table population.,GR3_SPECIAL_SKILL_TABLE.csv confirmed.
SKILL_0015_DESC,SKILL,special_desc,SYS/GR3.MDZ,GR3.MDT,14,,14,0x017214,0x013768,,<E0F3>の全てを<4DF5>けて槍で敵を突き刺す,모든 것을 걸고 창으로 적을 찌른다,UNASSIGNED,,"[""CUSTOM_CODE:E0F3"",""CUSTOM_CODE:4DF5""]",REVIEW_1,NO,31개 GR3 특기 descriptor/action table population.,GR3_SPECIAL_SKILL_TABLE.csv confirmed.
SKILL_0016_NAME,SKILL,special_name,SYS/GR3.MDZ,GR3.MDT,15,,15,0x017682,0x0155F4,,ランサースマッシュ,랜서 스매시,UNASSIGNED,,[],TRANSLATED,NO,31개 GR3 특기 descriptor/action table population.,GR3_SPECIAL_SKILL_TABLE.csv confirmed.
SKILL_0016_DESC,SKILL,special_desc,SYS/GR3.MDZ,GR3.MDT,15,,15,0x01724A,0x013778,,突き刺して地面に叩きつける荒業,꿰뚫어 땅에 내리치는 거친 기술,UNASSIGNED,,[],TRANSLATED,NO,31개 GR3 특기 descriptor/action table population.,GR3_SPECIAL_SKILL_TABLE.csv confirmed.
SKILL_0017_NAME,SKILL,special_name,SYS/GR3.MDZ,GR3.MDT,16,,16,0x01768C,0x015774,,岩石<39F4>き,암석 던지기,UNASSIGNED,,"[""CUSTOM_CODE:39F4""]",REVIEW_1,NO,31개 GR3 특기 descriptor/action table population.,원문에 미해독 custom code 토큰이 있어 한국어 이름은 REVIEW_1 초안.
SKILL_0017_DESC,SKILL,special_desc,SYS/GR3.MDZ,GR3.MDT,16,,16,0x01727A,0x013788,,全力で敵をぶっとばす,온 힘을 다해 적을 날려 버린다,UNASSIGNED,,[],TRANSLATED,NO,31개 GR3 특기 descriptor/action table population.,원문에 미해독 custom code 토큰이 있어 한국어 이름은 REVIEW_1 초안.
SKILL_0018_NAME,SKILL,special_name,SYS/GR3.MDZ,GR3.MDT,17,,17,0x017694,0x0158F4,,衝波,충파,UNASSIGNED,,[],TRANSLATED,NO,31개 GR3 특기 descriptor/action table population.,GR3_SPECIAL_SKILL_TABLE.csv confirmed.
SKILL_0018_DESC,SKILL,special_desc,SYS/GR3.MDZ,GR3.MDT,17,,17,0x0172A6,0x013798,,気合を込めた雄<ADF3>びをあげる,기합을 담은 우렁찬 포효를 내지른다,UNASSIGNED,,"[""CUSTOM_CODE:ADF3""]",REVIEW_1,NO,31개 GR3 특기 descriptor/action table population.,GR3_SPECIAL_SKILL_TABLE.csv confirmed.
SKILL_0019_NAME,SKILL,special_name,SYS/GR3.MDZ,GR3.MDT,18,,18,0x017699,0x015A74,,熱血魔球,열혈마구,UNASSIGNED,,[],TRANSLATED,NO,31개 GR3 특기 descriptor/action table population.,GR3_SPECIAL_SKILL_TABLE.csv confirmed.
SKILL_0019_DESC,SKILL,special_desc,SYS/GR3.MDZ,GR3.MDT,18,,18,0x0172CE,0x0137A8,,燃えさかる火球を大ジャンプして投げる,타오르는 화구를 크게 도약해 내던진다,UNASSIGNED,,[],TRANSLATED,NO,31개 GR3 특기 descriptor/action table population.,GR3_SPECIAL_SKILL_TABLE.csv confirmed.
SKILL_0020_NAME,SKILL,special_name,SYS/GR3.MDZ,GR3.MDT,19,,19,0x0176A2,0x015BF4,,大<6CF4>輪,대회전,UNASSIGNED,,"[""CUSTOM_CODE:6CF4""]",REVIEW_1,NO,31개 GR3 특기 descriptor/action table population.,원문에 미해독 custom code 토큰이 있어 한국어 이름은 REVIEW_1 초안.
SKILL_0020_DESC,SKILL,special_desc,SYS/GR3.MDZ,GR3.MDT,19,,19,0x0172FF,0x0137B8,,高速<A0F0>転を<52F7>り<69F1>し敵に体当たり,고속 회전을 거듭하며 적에게 몸통박치기한다,UNASSIGNED,,"[""CUSTOM_CODE:A0F0"",""CUSTOM_CODE:52F7"",""CUSTOM_CODE:69F1""]",REVIEW_1,NO,31개 GR3 특기 descriptor/action table population.,원문에 미해독 custom code 토큰이 있어 한국어 이름은 REVIEW_1 초안.
SKILL_0021_NAME,SKILL,special_name,SYS/GR3.MDZ,GR3.MDT,20,,20,0x0176A9,0x015D74,,<35F2>法師,마법사,UNASSIGNED,,"[""CUSTOM_CODE:35F2""]",REVIEW_1,NO,31개 GR3 특기 descriptor/action table population.,원문에 미해독 custom code 토큰이 있어 한국어 이름은 REVIEW_1 초안.
SKILL_0021_DESC,SKILL,special_desc,SYS/GR3.MDZ,GR3.MDT,20,,20,0x017336,0x0137C8,,<35F2>が実体化する<5AF6>威の術,마력이 실체화되는 위력적인 술법,UNASSIGNED,,"[""CUSTOM_CODE:35F2"",""CUSTOM_CODE:5AF6""]",REVIEW_1,NO,31개 GR3 특기 descriptor/action table population.,원문에 미해독 custom code 토큰이 있어 한국어 이름은 REVIEW_1 초안.
SKILL_0022_NAME,SKILL,special_name,SYS/GR3.MDZ,GR3.MDT,21,,21,0x0176B0,0x015EF4,,熱血大魔球,열혈대마구,UNASSIGNED,,[],TRANSLATED,NO,31개 GR3 특기 descriptor/action table population.,GR3_SPECIAL_SKILL_TABLE.csv confirmed.
SKILL_0022_DESC,SKILL,special_desc,SYS/GR3.MDZ,GR3.MDT,21,,21,0x017368,0x0137D8,,巨大な爆球を全身全霊で投げつける,거대한 폭탄을 온몸의 힘으로 내던진다,UNASSIGNED,,[],TRANSLATED,NO,31개 GR3 특기 descriptor/action table population.,GR3_SPECIAL_SKILL_TABLE.csv confirmed.
SKILL_0023_NAME,SKILL,special_name,SYS/GR3.MDZ,GR3.MDT,22,,22,0x0176BB,0x016074,,紅蓮華,홍련화,UNASSIGNED,,[],TRANSLATED,NO,31개 GR3 특기 descriptor/action table population.,GR3_SPECIAL_SKILL_TABLE.csv confirmed.
SKILL_0023_DESC,SKILL,special_desc,SYS/GR3.MDZ,GR3.MDT,22,,22,0x017399,0x0137E8,,紅蓮の炎を発生させ敵に投げつける,홍련의 불꽃을 일으켜 적에게 던진다,UNASSIGNED,,[],TRANSLATED,NO,31개 GR3 특기 descriptor/action table population.,GR3_SPECIAL_SKILL_TABLE.csv confirmed.
SKILL_0024_NAME,SKILL,special_name,SYS/GR3.MDZ,GR3.MDT,23,,23,0x0176C2,0x0161F4,,ウル・ダイナマイト,울 다이너마이트,UNASSIGNED,,[],TRANSLATED,NO,31개 GR3 특기 descriptor/action table population.,GR3_SPECIAL_SKILL_TABLE.csv confirmed.
SKILL_0024_DESC,SKILL,special_desc,SYS/GR3.MDZ,GR3.MDT,23,,23,0x0173CC,0x0137F8,,エナジーを爆発させて敵に特攻する,에너지를 폭발시켜 적에게 돌진한다,UNASSIGNED,,[],TRANSLATED,NO,31개 GR3 특기 descriptor/action table population.,GR3_SPECIAL_SKILL_TABLE.csv confirmed.
SKILL_0025_NAME,SKILL,special_name,SYS/GR3.MDZ,GR3.MDT,24,,24,0x0176CC,0x016374,,ホーミングシュート,호밍 슛,UNASSIGNED,,[],TRANSLATED,NO,31개 GR3 특기 descriptor/action table population.,GR3_SPECIAL_SKILL_TABLE.csv confirmed.
SKILL_0025_DESC,SKILL,special_desc,SYS/GR3.MDZ,GR3.MDT,24,,24,0x0173FF,0x013808,,切り裂く呪符を連<6CF0>で叩き込む,베어 가르는 주부를 연속으로 퍼붓는다,UNASSIGNED,,"[""CUSTOM_CODE:6CF0""]",REVIEW_1,NO,31개 GR3 특기 descriptor/action table population.,GR3_SPECIAL_SKILL_TABLE.csv confirmed.
SKILL_0026_NAME,SKILL,special_name,SYS/GR3.MDZ,GR3.MDT,25,,25,0x0176D6,0x0164F4,,マナキャプチャー,마나 캡처,UNASSIGNED,,[],TRANSLATED,NO,31개 GR3 특기 descriptor/action table population.,GR3_SPECIAL_SKILL_TABLE.csv confirmed.
SKILL_0026_DESC,SKILL,special_desc,SYS/GR3.MDZ,GR3.MDT,25,,25,0x017434,0x013818,,生命をマナに変<53F0>して<82F2>い取る呪符,생명을 마나로 바꾸어 빼앗는 주부,UNASSIGNED,,"[""CUSTOM_CODE:53F0"",""CUSTOM_CODE:82F2""]",REVIEW_1,NO,31개 GR3 특기 descriptor/action table population.,GR3_SPECIAL_SKILL_TABLE.csv confirmed.
SKILL_0027_NAME,SKILL,special_name,SYS/GR3.MDZ,GR3.MDT,26,,26,0x0176DF,0x016674,,ダンシングカード,댄싱 카드,UNASSIGNED,,[],TRANSLATED,NO,31개 GR3 특기 descriptor/action table population.,GR3_SPECIAL_SKILL_TABLE.csv confirmed.
SKILL_0027_DESC,SKILL,special_desc,SYS/GR3.MDZ,GR3.MDT,26,,26,0x017466,0x013828,,光のカードを<31F7><ABF6>し身を守る,빛의 카드로 몸을 감싸 자신을 지킨다,UNASSIGNED,,"[""CUSTOM_CODE:31F7"",""CUSTOM_CODE:ABF6""]",REVIEW_1,NO,31개 GR3 특기 descriptor/action table population.,GR3_SPECIAL_SKILL_TABLE.csv confirmed.
SKILL_0028_NAME,SKILL,special_name,SYS/GR3.MDZ,GR3.MDT,27,,27,0x0176E8,0x0167F4,,魔王<B1F2>,마왕권,UNASSIGNED,,"[""CUSTOM_CODE:B1F2""]",REVIEW_1,NO,31개 GR3 특기 descriptor/action table population.,원문에 미해독 custom code 토큰이 있어 한국어 이름은 REVIEW_1 초안.
SKILL_0028_DESC,SKILL,special_desc,SYS/GR3.MDZ,GR3.MDT,27,,27,0x01748E,0x013838,,無限のマナを引き出す魔法<B1F2>を<67F1>く,무한한 마나를 끌어내는 마법권을 휘두른다,UNASSIGNED,,"[""CUSTOM_CODE:B1F2"",""CUSTOM_CODE:67F1""]",REVIEW_1,NO,31개 GR3 특기 descriptor/action table population.,원문에 미해독 custom code 토큰이 있어 한국어 이름은 REVIEW_1 초안.
SKILL_0029_NAME,SKILL,special_name,SYS/GR3.MDZ,GR3.MDT,28,,28,0x0176EF,0x016974,,<CAF0>い衝撃,강한 충격,UNASSIGNED,,"[""CUSTOM_CODE:CAF0""]",REVIEW_1,NO,31개 GR3 특기 descriptor/action table population.,원문에 미해독 custom code 토큰이 있어 한국어 이름은 REVIEW_1 초안.
SKILL_0029_DESC,SKILL,special_desc,SYS/GR3.MDZ,GR3.MDT,28,,28,0x0174B9,0x013848,,<CAF0>い衝撃があたりを<98F7>う,강한 충격이 주변을 휩쓴다,UNASSIGNED,,"[""CUSTOM_CODE:CAF0"",""CUSTOM_CODE:98F7""]",REVIEW_1,NO,31개 GR3 특기 descriptor/action table population.,원문에 미해독 custom code 토큰이 있어 한국어 이름은 REVIEW_1 초안.
SKILL_0030_NAME,SKILL,special_name,SYS/GR3.MDZ,GR3.MDT,29,,29,0x0176F7,0x016AF4,,結界,결계,UNASSIGNED,,[],TRANSLATED,NO,31개 GR3 특기 descriptor/action table population.,GR3_SPECIAL_SKILL_TABLE.csv confirmed.
SKILL_0030_DESC,SKILL,special_desc,SYS/GR3.MDZ,GR3.MDT,29,,29,0x0174E5,0x013858,,身動きを<23F1>める結界を作りだす奥義,몸을 움직이지 못하게 하는 결계를 만든다,UNASSIGNED,,"[""CUSTOM_CODE:23F1""]",REVIEW_1,NO,31개 GR3 특기 descriptor/action table population.,GR3_SPECIAL_SKILL_TABLE.csv confirmed.
SKILL_0031_NAME,SKILL,special_name,SYS/GR3.MDZ,GR3.MDT,30,,30,0x0176FC,0x016C74,,<C3F1>わる世界,변하는 세계,UNASSIGNED,,"[""CUSTOM_CODE:C3F1""]",REVIEW_1,NO,31개 GR3 특기 descriptor/action table population.,원문에 미해독 custom code 토큰이 있어 한국어 이름은 REVIEW_1 초안.
SKILL_0031_DESC,SKILL,special_desc,SYS/GR3.MDZ,GR3.MDT,30,,30,0x01751D,0x013868,,全てを無に<DAF8>す<C3F1><39F8>の炎,모든 것을 무로 돌리는 변화하는 세계의 불꽃,UNASSIGNED,,"[""CUSTOM_CODE:DAF8"",""CUSTOM_CODE:C3F1"",""CUSTOM_CODE:39F8""]",REVIEW_1,NO,31개 GR3 특기 descriptor/action table population.,원문에 미해독 custom code 토큰이 있어 한국어 이름은 REVIEW_1 초안.
MAGIC_0001_NAME,MAGIC,spell_name,SYS/GR3.MDZ,GR3.MDT,601,,0,0xE5A6,0x0058A4,22 F0 A3 27 EA,ヴァーン,바언,UNASSIGNED,,[],TRANSLATED,NO,GR3 category 7 player magic; item IDs 601–642.,name/description decode complete in grandia3_items_decoded_v9.csv.
MAGIC_0001_DESC,MAGIC,spell_desc,SYS/GR3.MDZ,GR3.MDT,601,,0,0x1210F,0x0058B0,C6 F0 48 F1 A1 3A F0 7D 88 76 64 9D,火球を敵にぶつける,화구를 적에게 부딪친다,UNASSIGNED,,[],TRANSLATED,NO,GR3 category 7 player magic; item IDs 601–642.,name/description decode complete in grandia3_items_decoded_v9.csv.
MAGIC_0002_NAME,MAGIC,spell_name,SYS/GR3.MDZ,GR3.MDT,602,,1,0xE5AC,0x0058C4,22 F0 A3 EA BB C9 EB A6 B1,ヴァンストライク,반 스트라이크,UNASSIGNED,,[],TRANSLATED,NO,GR3 category 7 player magic; item IDs 601–642.,name/description decode complete in grandia3_items_decoded_v9.csv.
MAGIC_0002_DESC,MAGIC,spell_desc,SYS/GR3.MDZ,GR3.MDT,602,,1,0x12131,0x0058D0,C6 F0 80 7E F2 80 C3 F3 9E A1 3A F0 7D 88 76 64 9D,火の鳥の群れを敵にぶつける,불새 무리를 적에게 부딪친다,UNASSIGNED,,[],TRANSLATED,NO,GR3 category 7 player magic; item IDs 601–642.,name/description decode complete in grandia3_items_decoded_v9.csv.
MAGIC_0003_NAME,MAGIC,spell_name,SYS/GR3.MDZ,GR3.MDT,603,,2,0xE5B6,0x0058E4,D9 ED 22 F0 A3 27 CB,ヘルヴァーナ,헬바나,UNASSIGNED,,[],TRANSLATED,NO,GR3 category 7 player magic; item IDs 601–642.,name/description decode complete in grandia3_items_decoded_v9.csv.
MAGIC_0003_DESC,MAGIC,spell_desc,SYS/GR3.MDZ,GR3.MDT,603,,2,0x1215A,0x0058F0,A3 F0 98 F2 80 29 F2 C6 F0 79 2F F1 80 8F F9 90 79 99 F2 60 9A F2 62 6C,地獄の業火で骨の髄まで焼き尽くす,지옥의 업화로 뼈 속까지 태워 버린다,UNASSIGNED,,[],TRANSLATED,NO,GR3 category 7 player magic; item IDs 601–642.,name/description decode complete in grandia3_items_decoded_v9.csv.
MAGIC_0004_NAME,MAGIC,spell_name,SYS/GR3.MDZ,GR3.MDT,604,,3,0xE5BE,0x005904,22 F0 A3 EA D7 EE A6 BC,ヴァンブレイズ,반 브레이즈,UNASSIGNED,,[],TRANSLATED,NO,GR3 category 7 player magic; item IDs 601–642.,name/description decode complete in grandia3_items_decoded_v9.csv.
MAGIC_0004_DESC,MAGIC,spell_desc,SYS/GR3.MDZ,GR3.MDT,604,,3,0x1218E,0x005910,DF F1 CD F2 80 E6 F1 A1 B7 F5 D1 F0 6C 9D,紅蓮の炎を放射する,홍련의 불꽃을 방사한다,UNASSIGNED,,[],TRANSLATED,NO,GR3 category 7 player magic; item IDs 601–642.,name/description decode complete in grandia3_items_decoded_v9.csv.
MAGIC_0005_NAME,MAGIC,spell_name,SYS/GR3.MDZ,GR3.MDT,605,,4,0xE5C7,0x005924,BC EA AE,ズンガ,즌가,UNASSIGNED,,[],TRANSLATED,NO,GR3 category 7 player magic; item IDs 601–642.,name/description decode complete in grandia3_items_decoded_v9.csv.
MAGIC_0005_DESC,MAGIC,spell_desc,SYS/GR3.MDZ,GR3.MDT,605,,4,0x121B8,0x005930,4A F1 94 F1 6C 9D AE F2 37 F0 AF F2 A1 B7 F5 76,爆裂する衝撃波を放つ,폭렬하는 충격파를 발사한다,UNASSIGNED,,[],TRANSLATED,NO,GR3 category 7 player magic; item IDs 601–642.,name/description decode complete in grandia3_items_decoded_v9.csv.
MAGIC_0006_NAME,MAGIC,spell_name,SYS/GR3.MDZ,GR3.MDT,606,,5,0xE5CB,0x005944,BC EA C8 AC,ズンデオ,즌데오,UNASSIGNED,,[],TRANSLATED,NO,GR3 category 7 player magic; item IDs 601–642.,name/description decode complete in grandia3_items_decoded_v9.csv.
MAGIC_0006_DESC,MAGIC,spell_desc,SYS/GR3.MDZ,GR3.MDT,606,,5,0x121DE,0x005950,B6 F3 A3 F0 C5 F0 7C 4A F1 A4 F2 A1 A5 F2 66 6C,局地的な爆発を起こす,국지적인 폭발을 일으킨다,UNASSIGNED,,[],TRANSLATED,NO,GR3 category 7 player magic; item IDs 601–642.,name/description decode complete in grandia3_items_decoded_v9.csv.
MAGIC_0007_NAME,MAGIC,spell_name,SYS/GR3.MDZ,GR3.MDT,607,,6,0xE5D0,0x005964,C8 BC EA,デズン,데즌,UNASSIGNED,,[],TRANSLATED,NO,GR3 category 7 player magic; item IDs 601–642.,name/description decode complete in grandia3_items_decoded_v9.csv.
MAGIC_0007_DESC,MAGIC,spell_desc,SYS/GR3.MDZ,GR3.MDT,607,,6,0x12208,0x005970,42 F0 95 F3 8A F1 7C 4A F1 A4 F2 A1 A5 F2 66 6C,大規模な爆発を起こす,대규모 폭발을 일으킨다,UNASSIGNED,,[],TRANSLATED,NO,GR3 category 7 player magic; item IDs 601–642.,name/description decode complete in grandia3_items_decoded_v9.csv.
MAGIC_0008_NAME,MAGIC,spell_name,SYS/GR3.MDZ,GR3.MDT,608,,7,0xE5D4,0x005984,D9 22 F0 EA B4 27 C9,ヘヴンゲート,헤븐 게이트,UNASSIGNED,,[],TRANSLATED,NO,GR3 category 7 player magic; item IDs 601–642.,name/description decode complete in grandia3_items_decoded_v9.csv.
MAGIC_0008_DESC,MAGIC,spell_desc,SYS/GR3.MDZ,GR3.MDT,608,,7,0x12234,0x005990,D3 F1 C6 F0 A1 A8 F2 85 94 F2 6E 7B F1 78 A1 9C F1 8E 6C,神火を呼び寄せ全てを滅ぼす,신의 불꽃을 불러 모든 것을 멸한다,UNASSIGNED,,[],TRANSLATED,NO,GR3 category 7 player magic; item IDs 601–642.,name/description decode complete in grandia3_items_decoded_v9.csv.
MAGIC_0009_NAME,MAGIC,spell_name,SYS/GR3.MDZ,GR3.MDT,609,,8,0xE5DC,0x0059A4,22 F0 AB EB A6 CA,ヴォライド,볼라이드,UNASSIGNED,,[],TRANSLATED,NO,GR3 category 7 player magic; item IDs 601–642.,name/description decode complete in grandia3_items_decoded_v9.csv.
MAGIC_0009_DESC,MAGIC,spell_desc,SYS/GR3.MDZ,GR3.MDT,609,,8,0x1226B,0x0059B0,D9 F8 B6 F4 A1 59 F2 26 F2 7D AB F4 6F F0 68 6E 4A F1 A4 F2 A1 A5 F2 66 6C,恒星を急激に進化させ爆発を起こす,항성을 급격히 진화시켜 폭발을 일으킨다,UNASSIGNED,,[],TRANSLATED,NO,GR3 category 7 player magic; item IDs 601–642.,name/description decode complete in grandia3_items_decoded_v9.csv.
MAGIC_0010_NAME,MAGIC,spell_name,SYS/GR3.MDZ,GR3.MDT,610,,9,0xE5E3,0x0059C4,20 F0 AC,ワオ,와오,UNASSIGNED,,[],TRANSLATED,NO,GR3 category 7 player magic; item IDs 601–642.,name/description decode complete in grandia3_items_decoded_v9.csv.
MAGIC_0010_DESC,MAGIC,spell_desc,SYS/GR3.MDZ,GR3.MDT,610,,9,0x122A6,0x0059D0,D0 F2 9C 80 E6 F1 79 3B F0 3C F0 80 4C F2 A1 A6 F2 62 6C 9D,怒りの炎で味方の魂を熱くする,분노의 불꽃으로 아군의 영혼을 뜨겁게 한다,UNASSIGNED,,[],TRANSLATED,NO,GR3 category 7 player magic; item IDs 601–642.,name/description decode complete in grandia3_items_decoded_v9.csv.
MAGIC_0011_NAME,MAGIC,spell_name,SYS/GR3.MDZ,GR3.MDT,611,,10,0xE5E7,0x0059E4,B2 EB B0 EA,グラギン,그라긴,UNASSIGNED,,[],TRANSLATED,NO,GR3 category 7 player magic; item IDs 601–642.,name/description decode complete in grandia3_items_decoded_v9.csv.
MAGIC_0011_DESC,MAGIC,spell_desc,SYS/GR3.MDZ,GR3.MDT,611,,10,0x122D0,0x0059F0,A3 F0 7D 85 F2 92 AA CE ED B0 27 A1 D1 F2 D1 F0 68 6E 9D,地に潜むエネルギーを噴射させる,땅속 에너지를 분출시킨다,UNASSIGNED,,[],TRANSLATED,NO,GR3 category 7 player magic; item IDs 601–642.,name/description decode complete in grandia3_items_decoded_v9.csv.
MAGIC_0012_NAME,MAGIC,spell_name,SYS/GR3.MDZ,GR3.MDT,612,,11,0xE5EC,0x005A04,B2 EB EA BA AC,グランジオ,그란지오,UNASSIGNED,,[],TRANSLATED,NO,GR3 category 7 player magic; item IDs 601–642.,name/description decode complete in grandia3_items_decoded_v9.csv.
MAGIC_0012_DESC,MAGIC,spell_desc,SYS/GR3.MDZ,GR3.MDT,612,,11,0x122F9,0x005A10,42 F0 95 F3 8A F1 7C A3 F0 D2 F7 50 F0 46 F0 A1 A5 F2 66 6C,大規模な地殻変動を起こす,대규모 지각 변동을 일으킨다,UNASSIGNED,,[],TRANSLATED,NO,GR3 category 7 player magic; item IDs 601–642.,name/description decode complete in grandia3_items_decoded_v9.csv.
MAGIC_0013_NAME,MAGIC,spell_name,SYS/GR3.MDZ,GR3.MDT,613,,12,0xE5F2,0x005A24,E2 C7 AC BB C9 EB A6 B1,メテオストライク,메테오 스트라이크,UNASSIGNED,,[],TRANSLATED,NO,GR3 category 7 player magic; item IDs 601–642.,name/description decode complete in grandia3_items_decoded_v9.csv.
MAGIC_0013_DESC,MAGIC,spell_desc,SYS/GR3.MDZ,GR3.MDT,613,,12,0x12327,0x005A30,25 F2 79 F2 80 8B F5 3C F0 5E 9B 7A F2 42 F0 A7 F2 C8 F0 A1 D7 F0 7A 6C,天空の彼方から巨大隕石を落とす,하늘 저편에서 거대한 운석을 떨어뜨린다,UNASSIGNED,,[],TRANSLATED,NO,GR3 category 7 player magic; item IDs 601–642.,name/description decode complete in grandia3_items_decoded_v9.csv.
MAGIC_0014_NAME,MAGIC,spell_name,SYS/GR3.MDZ,GR3.MDT,614,,13,0xE5FB,0x005A44,DE BC,ポズ,포즈,UNASSIGNED,,[],TRANSLATED,NO,GR3 category 7 player magic; item IDs 601–642.,name/description decode complete in grandia3_items_decoded_v9.csv.
MAGIC_0014_DESC,MAGIC,spell_desc,SYS/GR3.MDZ,GR3.MDT,614,,13,0x1235B,0x005A50,9E F2 CB F0 80 BA A9 ED 79 3A F0 A1 57 F2 92,猛毒のジェルで敵を包む,맹독 젤로 적을 감싼다,UNASSIGNED,,[],TRANSLATED,NO,GR3 category 7 player magic; item IDs 601–642.,name/description decode complete in grandia3_items_decoded_v9.csv.
MAGIC_0015_NAME,MAGIC,spell_name,SYS/GR3.MDZ,GR3.MDT,615,,14,0xE5FE,0x005A64,AF E6 EF A4,キュロア,큐로아,UNASSIGNED,,[],TRANSLATED,NO,GR3 category 7 player magic; item IDs 601–642.,name/description decode complete in grandia3_items_decoded_v9.csv.
MAGIC_0015_DESC,MAGIC,spell_desc,SYS/GR3.MDZ,GR3.MDT,615,,14,0x12389,0x005A70,42 F0 A3 F0 80 C8 F1 85 F0 79 3A F0 80 7E F0 85 F0 A1 C9 F2 59,大地の霊力で敵の体力を奪う,대지의 영력으로 적의 체력을 빼앗는다,UNASSIGNED,,[],TRANSLATED,NO,GR3 category 7 player magic; item IDs 601–642.,name/description decode complete in grandia3_items_decoded_v9.csv.
MAGIC_0016_NAME,MAGIC,spell_name,SYS/GR3.MDZ,GR3.MDT,616,,15,0xE603,0x005A84,AF E6 27 ED,キュール,큐르,UNASSIGNED,,[],TRANSLATED,NO,GR3 category 7 player magic; item IDs 601–642.,name/description decode complete in grandia3_items_decoded_v9.csv.
MAGIC_0016_DESC,MAGIC,spell_desc,SYS/GR3.MDZ,GR3.MDT,616,,15,0x123CE,0x005A90,9F F2 A3 F0 80 CE F1 91 79 64 5F 9E A1 D7 F0 7A 6C,緑地の恵みでけがれを落とす,녹지의 은혜로 부정을 씻어 낸다,UNASSIGNED,,[],TRANSLATED,NO,GR3 category 7 player magic; item IDs 601–642.,name/description decode complete in grandia3_items_decoded_v9.csv.
MAGIC_0017_NAME,MAGIC,spell_name,SYS/GR3.MDZ,GR3.MDT,617,,16,0xE608,0x005AA4,D0 ED DA 27 ED,ハルベール,할베르,UNASSIGNED,,[],TRANSLATED,NO,GR3 category 7 player magic; item IDs 601–642.,name/description decode complete in grandia3_items_decoded_v9.csv.
MAGIC_0017_DESC,MAGIC,spell_desc,SYS/GR3.MDZ,GR3.MDT,617,,16,0x123ED,0x005AB0,3D F0 A1 F2 7A 80 A2 F2 A3 F2 79 7B F1 78 5F 6F F2 78 F1 7D D3 F5 9D,自然との調和で全てが正常に戻る,자연과 조화를 이루어 모든 것을 정상으로 되돌린다,UNASSIGNED,,[],TRANSLATED,NO,GR3 category 7 player magic; item IDs 601–642.,name/description decode complete in grandia3_items_decoded_v9.csv.
MAGIC_0018_NAME,MAGIC,spell_name,SYS/GR3.MDZ,GR3.MDT,618,,17,0xE60E,0x005AC4,E9 E0,ヨミ,요미,UNASSIGNED,,[],TRANSLATED,NO,GR3 category 7 player magic; item IDs 601–642.,name/description decode complete in grandia3_items_decoded_v9.csv.
MAGIC_0018_DESC,MAGIC,spell_desc,SYS/GR3.MDZ,GR3.MDT,618,,17,0x12425,0x005AD0,92 F1 7D 33 F9 62 4A F2 80 47 F1 79 EB F0 3B F1 A1 6A F0 9C D3 F5 6C,森に湧く命の水で戦意を取り戻す,숲에서 솟는 생명의 물로 전의를 되찾는다,UNASSIGNED,,[],TRANSLATED,NO,GR3 category 7 player magic; item IDs 601–642.,name/description decode complete in grandia3_items_decoded_v9.csv.
MAGIC_0019_NAME,MAGIC,spell_name,SYS/GR3.MDZ,GR3.MDT,619,,18,0xE611,0x005AE4,C8 A5 AE EA,ディガン,디간,UNASSIGNED,,[],TRANSLATED,NO,GR3 category 7 player magic; item IDs 601–642.,name/description decode complete in grandia3_items_decoded_v9.csv.
MAGIC_0019_DESC,MAGIC,spell_desc,SYS/GR3.MDZ,GR3.MDT,619,,18,0x1244F,0x005AF0,42 F0 A3 F0 80 85 F0 A1 D7 F2 93 78 8D F1 9C A1 B6 F1 93 9D,大地の力を集めて守りを高める,대지의 힘을 모아 방어력을 높인다,UNASSIGNED,,[],TRANSLATED,NO,GR3 category 7 player magic; item IDs 601–642.,name/description decode complete in grandia3_items_decoded_v9.csv.
MAGIC_0020_NAME,MAGIC,spell_name,SYS/GR3.MDZ,GR3.MDT,620,,19,0xE616,0x005B04,D8 EC BC EA,プリズン,프리즌,UNASSIGNED,,[],TRANSLATED,NO,GR3 category 7 player magic; item IDs 601–642.,name/description decode complete in grandia3_items_decoded_v9.csv.
MAGIC_0020_DESC,MAGIC,spell_desc,SYS/GR3.MDZ,GR3.MDT,620,,19,0x1247E,0x005B10,42 F0 A3 F0 80 CA F2 77 F2 79 55 9B 98 9D 38 F4 90 F6 5E 9B 8D F1 9D,大地の結界であらゆる災厄から守る,대지의 결계로 모든 재앙을 막는다,UNASSIGNED,,[],TRANSLATED,NO,GR3 category 7 player magic; item IDs 601–642.,name/description decode complete in grandia3_items_decoded_v9.csv.
MAGIC_0021_NAME,MAGIC,spell_name,SYS/GR3.MDZ,GR3.MDT,621,,20,0xE61B,0x005B24,DF B2 CE A6 CA,マグネイド,마그네이드,UNASSIGNED,,[],TRANSLATED,NO,GR3 category 7 player magic; item IDs 601–642.,name/description decode complete in grandia3_items_decoded_v9.csv.
MAGIC_0021_DESC,MAGIC,spell_desc,SYS/GR3.MDZ,GR3.MDT,621,,20,0x124A5,0x005B30,AD F2 77 F1 7C 65 F9 91 F0 A1 A4 F2 A1 F1 68 6E 9D,特殊な磁場を発生させる,특수한 자기장을 발생시킨다,UNASSIGNED,,[],TRANSLATED,NO,GR3 category 7 player magic; item IDs 601–642.,name/description decode complete in grandia3_items_decoded_v9.csv.
MAGIC_0022_NAME,MAGIC,spell_name,SYS/GR3.MDZ,GR3.MDT,622,,21,0xE621,0x005B44,B9 E4 AF A4,シャキア,샤키아,UNASSIGNED,,[],TRANSLATED,NO,GR3 category 7 player magic; item IDs 601–642.,name/description decode complete in grandia3_items_decoded_v9.csv.
MAGIC_0022_DESC,MAGIC,spell_desc,SYS/GR3.MDZ,GR3.MDT,622,,21,0x124CC,0x005B50,23 F2 80 D4 F1 79 E1 F1 60 4D F4 6C,氷の槍で突き刺す,얼음 창으로 찌른다,UNASSIGNED,,[],TRANSLATED,NO,GR3 category 7 player magic; item IDs 601–642.,name/description decode complete in grandia3_items_decoded_v9.csv.
MAGIC_0023_NAME,MAGIC,spell_name,SYS/GR3.MDZ,GR3.MDT,623,,22,0xE626,0x005B64,B9 E4 AF 27 AE,シャキーガ,샤키가,UNASSIGNED,,[],TRANSLATED,NO,GR3 category 7 player magic; item IDs 601–642.,name/description decode complete in grandia3_items_decoded_v9.csv.
MAGIC_0023_DESC,MAGIC,spell_desc,SYS/GR3.MDZ,GR3.MDT,623,,22,0x124F0,0x005B70,42 F0 9B F0 BC F2 7D 30 F6 9B F0 A1 A4 F1 60 B7 F5 76,大気中に冷気を解き放つ,대기 중에 냉기를 풀어 놓는다,UNASSIGNED,,[],TRANSLATED,NO,GR3 category 7 player magic; item IDs 601–642.,name/description decode complete in grandia3_items_decoded_v9.csv.
MAGIC_0024_NAME,MAGIC,spell_name,SYS/GR3.MDZ,GR3.MDT,624,,23,0xE62C,0x005B84,B9 E4 AF 27 CA,シャキード,샤키드,UNASSIGNED,,[],TRANSLATED,NO,GR3 category 7 player magic; item IDs 601–642.,name/description decode complete in grandia3_items_decoded_v9.csv.
MAGIC_0024_DESC,MAGIC,spell_desc,SYS/GR3.MDZ,GR3.MDT,624,,23,0x1251C,0x005B90,23 F2 EA F7 A1 A8 F2 85 3A F0 80 71 F1 87 F0 5E 9B D7 F0 69 F0 68 6E 9D,氷塊を呼び敵の頭上から落下させる,얼음덩이를 불러 적의 머리 위에서 떨어뜨린다,UNASSIGNED,,[],TRANSLATED,NO,GR3 category 7 player magic; item IDs 601–642.,name/description decode complete in grandia3_items_decoded_v9.csv.
MAGIC_0025_NAME,MAGIC,spell_name,SYS/GR3.MDZ,GR3.MDT,625,,24,0xE632,0x005BA4,C8 E6 D7 EC BB,デュブリス,듀블리스,UNASSIGNED,,[],TRANSLATED,NO,GR3 category 7 player magic; item IDs 601–642.,name/description decode complete in grandia3_items_decoded_v9.csv.
MAGIC_0025_DESC,MAGIC,spell_desc,SYS/GR3.MDZ,GR3.MDT,625,,24,0x12550,0x005BB0,BC F1 DD F0 DC F8 99 F1 80 79 F2 AA F2 A1 A4 F1 60 B7 F5 76,絶対零度の空間を解き放つ,절대영도의 공간을 풀어 놓는다,UNASSIGNED,,[],TRANSLATED,NO,GR3 category 7 player magic; item IDs 601–642.,name/description decode complete in grandia3_items_decoded_v9.csv.
MAGIC_0026_NAME,MAGIC,spell_name,SYS/GR3.MDZ,GR3.MDT,626,,25,0xE638,0x005BC4,B3 EF DF,ケロマ,케로마,UNASSIGNED,,[],TRANSLATED,NO,GR3 category 7 player magic; item IDs 601–642.,name/description decode complete in grandia3_items_decoded_v9.csv.
MAGIC_0026_DESC,MAGIC,spell_desc,SYS/GR3.MDZ,GR3.MDT,626,,25,0x12584,0x005BD0,A1 F1 4A F2 80 AE F7 79 4E F2 76 57 72 7E F0 A1 86 F0 6A 96 F6 6C,生命の雫で傷ついた体を少し癒す,생명의 물방울로 다친 몸을 조금 회복한다,UNASSIGNED,,[],TRANSLATED,NO,GR3 category 7 player magic; item IDs 601–642.,name/description decode complete in grandia3_items_decoded_v9.csv.
MAGIC_0027_NAME,MAGIC,spell_name,SYS/GR3.MDZ,GR3.MDT,627,,26,0xE63C,0x005BE4,B3 EF DF E1,ケロマム,케로맘,UNASSIGNED,,[],TRANSLATED,NO,GR3 category 7 player magic; item IDs 601–642.,name/description decode complete in grandia3_items_decoded_v9.csv.
MAGIC_0027_DESC,MAGIC,spell_desc,SYS/GR3.MDZ,GR3.MDT,627,,26,0x125AC,0x005BF0,ED F6 8C F5 80 AE F7 79 4E F2 76 57 72 7E F0 A1 5E 7C 9C 96 F6 6C,慈悲の雫で傷ついた体をかなり癒す,자비의 물방울로 다친 몸을 상당히 회복한다,UNASSIGNED,,[],TRANSLATED,NO,GR3 category 7 player magic; item IDs 601–642.,name/description decode complete in grandia3_items_decoded_v9.csv.
MAGIC_0028_NAME,MAGIC,spell_name,SYS/GR3.MDZ,GR3.MDT,628,,27,0xE641,0x005C04,B3 EF DF AF B9 E1,ケロマキシム,케로마시뮴,UNASSIGNED,,[],TRANSLATED,NO,GR3 category 7 player magic; item IDs 601–642.,name/description decode complete in grandia3_items_decoded_v9.csv.
MAGIC_0028_DESC,MAGIC,spell_desc,SYS/GR3.MDZ,GR3.MDT,628,,27,0x125D8,0x005C10,D3 F1 3E F2 80 AE F7 79 4E F2 76 57 72 7E F0 A1 42 F0 96 F2 7D 96 F6 6C,神秘の雫で傷ついた体を大幅に癒す,신비의 물방울로 다친 몸을 크게 회복한다,UNASSIGNED,,[],TRANSLATED,NO,GR3 category 7 player magic; item IDs 601–642.,name/description decode complete in grandia3_items_decoded_v9.csv.
MAGIC_0029_NAME,MAGIC,spell_name,SYS/GR3.MDZ,GR3.MDT,629,,28,0xE648,0x005C24,E0 B3 EF DF,ミケロマ,미케로마,UNASSIGNED,,[],TRANSLATED,NO,GR3 category 7 player magic; item IDs 601–642.,name/description decode complete in grandia3_items_decoded_v9.csv.
MAGIC_0029_DESC,MAGIC,spell_desc,SYS/GR3.MDZ,GR3.MDT,629,,28,0x1260A,0x005C30,A1 F1 4A F2 80 D9 F1 79 4E F2 76 57 72 7E F0 A1 86 F0 6A 96 F6 6C,生命の泉で傷ついた体を少し癒す,생명의 샘으로 다친 몸을 조금 회복한다,UNASSIGNED,,[],TRANSLATED,NO,GR3 category 7 player magic; item IDs 601–642.,name/description decode complete in grandia3_items_decoded_v9.csv.
MAGIC_0030_NAME,MAGIC,spell_name,SYS/GR3.MDZ,GR3.MDT,630,,29,0xE64D,0x005C44,E0 B3 EF DF E1,ミケロマム,미케로맘,UNASSIGNED,,[],TRANSLATED,NO,GR3 category 7 player magic; item IDs 601–642.,name/description decode complete in grandia3_items_decoded_v9.csv.
MAGIC_0030_DESC,MAGIC,spell_desc,SYS/GR3.MDZ,GR3.MDT,630,,29,0x12632,0x005C50,ED F6 8C F5 80 D9 F1 79 4E F2 76 57 72 7E F0 A1 5E 7C 9C 96 F6 6C,慈悲の泉で傷ついた体をかなり癒す,자비의 샘으로 다친 몸을 상당히 회복한다,UNASSIGNED,,[],TRANSLATED,NO,GR3 category 7 player magic; item IDs 601–642.,name/description decode complete in grandia3_items_decoded_v9.csv.
MAGIC_0031_NAME,MAGIC,spell_name,SYS/GR3.MDZ,GR3.MDT,631,,30,0xE653,0x005C64,E1 27 CC E4,ムーニャ,무냐,UNASSIGNED,,[],TRANSLATED,NO,GR3 category 7 player magic; item IDs 601–642.,name/description decode complete in grandia3_items_decoded_v9.csv.
MAGIC_0031_DESC,MAGIC,spell_desc,SYS/GR3.MDZ,GR3.MDT,631,,30,0x1265E,0x005C70,90 7B 9F 91 80 B5 F6 79 57 F2 91 CE F5 80 CB F2 77 F2 8A B5 F2 59,まどろみの泡で包み夢の世界へ誘う,졸음의 거품으로 감싸 꿈의 세계로 이끈다,UNASSIGNED,,[],TRANSLATED,NO,GR3 category 7 player magic; item IDs 601–642.,name/description decode complete in grandia3_items_decoded_v9.csv.
MAGIC_0032_NAME,MAGIC,spell_name,SYS/GR3.MDZ,GR3.MDT,632,,31,0xE658,0x005C84,D3 E6 27 A6,ヒューイ,휴이,UNASSIGNED,,[],TRANSLATED,NO,GR3 category 7 player magic; item IDs 601–642.,name/description decode complete in grandia3_items_decoded_v9.csv.
MAGIC_0032_DESC,MAGIC,spell_desc,SYS/GR3.MDZ,GR3.MDT,632,,31,0x1267E,0x005C90,4B F1 D4 F0 80 C9 F0 79 C0 F0 9C 94 F1 62,烈風の刃で切り裂く,열풍의 칼날로 베어 가른다,UNASSIGNED,,[],TRANSLATED,NO,GR3 category 7 player magic; item IDs 601–642.,name/description decode complete in grandia3_items_decoded_v9.csv.
MAGIC_0033_NAME,MAGIC,spell_name,SYS/GR3.MDZ,GR3.MDT,633,,32,0xE65D,0x005CA4,D3 E6 27 BB EB C4 B9 E6,ヒュースラッシュ,휴 슬래시,UNASSIGNED,,[],TRANSLATED,NO,GR3 category 7 player magic; item IDs 601–642.,name/description decode complete in grandia3_items_decoded_v9.csv.
MAGIC_0033_DESC,MAGIC,spell_desc,SYS/GR3.MDZ,GR3.MDT,633,,32,0x126A0,0x005CB0,46 F2 D4 F0 80 AE F2 37 F0 AF F2 A1 B7 F5 76,疾風の衝撃波を放つ,질풍의 충격파를 발사한다,UNASSIGNED,,[],TRANSLATED,NO,GR3 category 7 player magic; item IDs 601–642.,name/description decode complete in grandia3_items_decoded_v9.csv.
MAGIC_0034_NAME,MAGIC,spell_name,SYS/GR3.MDZ,GR3.MDT,634,,33,0xE666,0x005CC4,D3 E6 27 CE ED EA,ヒューネルン,휴네른,UNASSIGNED,,[],TRANSLATED,NO,GR3 category 7 player magic; item IDs 601–642.,name/description decode complete in grandia3_items_decoded_v9.csv.
MAGIC_0034_DESC,MAGIC,spell_desc,SYS/GR3.MDZ,GR3.MDT,634,,33,0x126C5,0x005CD0,7A F2 42 F0 7C B2 F7 D4 F0 79 E2 F0 9C 2D F0 40 F2 A1 CF F0 60 29 F1 82 6C,巨大な旋風で辺り一面を吹き飛ばす,거대한 선풍으로 주변 일대를 날려 버린다,UNASSIGNED,,[],TRANSLATED,NO,GR3 category 7 player magic; item IDs 601–642.,name/description decode complete in grandia3_items_decoded_v9.csv.
MAGIC_0035_NAME,MAGIC,spell_name,SYS/GR3.MDZ,GR3.MDT,635,,34,0xE66D,0x005CE4,EB A6 AE,ライガ,라이가,UNASSIGNED,,[],TRANSLATED,NO,GR3 category 7 player magic; item IDs 601–642.,name/description decode complete in grandia3_items_decoded_v9.csv.
MAGIC_0035_DESC,MAGIC,spell_desc,SYS/GR3.MDZ,GR3.MDT,635,,34,0x12705,0x005CF0,B7 F5 E3 F2 6C 9D 79 F2 AA F2 A1 30 F1 9C 68 F0 6C,放電する空間を作り出す,방전하는 공간을 만든다,UNASSIGNED,,[],TRANSLATED,NO,GR3 category 7 player magic; item IDs 601–642.,name/description decode complete in grandia3_items_decoded_v9.csv.
MAGIC_0036_NAME,MAGIC,spell_name,SYS/GR3.MDZ,GR3.MDT,636,,35,0xE671,0x005D04,EB A6 C8 EA,ライデン,라이덴,UNASSIGNED,,[],TRANSLATED,NO,GR3 category 7 player magic; item IDs 601–642.,name/description decode complete in grandia3_items_decoded_v9.csv.
MAGIC_0036_DESC,MAGIC,spell_desc,SYS/GR3.MDZ,GR3.MDT,636,,35,0x12739,0x005D10,9E F1 60 F2 DD ED C9 80 E3 F2 D2 F1 A1 3A F0 7D A8 F7 85 6E 9D,数万ボルトの電光を敵に浴びせる,수만 볼트의 전광을 적에게 퍼붓는다,UNASSIGNED,,[],TRANSLATED,NO,GR3 category 7 player magic; item IDs 601–642.,name/description decode complete in grandia3_items_decoded_v9.csv.
MAGIC_0037_NAME,MAGIC,spell_name,SYS/GR3.MDZ,GR3.MDT,637,,36,0xE676,0x005D24,C7 EA EB A6,テンライ,텐라이,UNASSIGNED,,[],TRANSLATED,NO,GR3 category 7 player magic; item IDs 601–642.,name/description decode complete in grandia3_items_decoded_v9.csv.
MAGIC_0037_DESC,MAGIC,spell_desc,SYS/GR3.MDZ,GR3.MDT,637,,36,0x12775,0x005D30,75 F2 EC F1 5E 9B 29 F1 64 F1 6C 9D E0 F0 E1 F0 A1 A4 F1 60 B7 F5 76,雷雲から飛来する稲妻を解き放つ,뇌운에서 날아오는 번개를 풀어 놓는다,UNASSIGNED,,[],TRANSLATED,NO,GR3 category 7 player magic; item IDs 601–642.,name/description decode complete in grandia3_items_decoded_v9.csv.
MAGIC_0038_NAME,MAGIC,spell_name,SYS/GR3.MDZ,GR3.MDT,638,,37,0xE67B,0x005D44,A4 BB C9 EB A6 A4,アストライア,아스트라이아,UNASSIGNED,,[],TRANSLATED,NO,GR3 category 7 player magic; item IDs 601–642.,name/description decode complete in grandia3_items_decoded_v9.csv.
MAGIC_0038_DESC,MAGIC,spell_desc,SYS/GR3.MDZ,GR3.MDT,638,,37,0x127B5,0x005D50,25 F2 79 F2 5E 9B E7 F2 B6 F1 39 F3 80 E3 F2 37 F0 79 F2 AA F2 A1 D7 F0 7A 6C,天空から超高圧の電撃空間を落とす,하늘에서 초고압의 전격 공간을 떨어뜨린다,UNASSIGNED,,[],TRANSLATED,NO,GR3 category 7 player magic; item IDs 601–642.,name/description decode complete in grandia3_items_decoded_v9.csv.
MAGIC_0039_NAME,MAGIC,spell_name,SYS/GR3.MDZ,GR3.MDT,639,,38,0xE682,0x005D64,EB EA CB,ランナ,란나,UNASSIGNED,,[],TRANSLATED,NO,GR3 category 7 player magic; item IDs 601–642.,name/description decode complete in grandia3_items_decoded_v9.csv.
MAGIC_0039_DESC,MAGIC,spell_desc,SYS/GR3.MDZ,GR3.MDT,639,,38,0x127FA,0x005D70,D4 F0 80 85 F0 A1 64 F5 78 AE F1 26 F1 6C 9D,風の力を得て加速する,바람의 힘을 받아 가속한다,UNASSIGNED,,[],TRANSLATED,NO,GR3 category 7 player magic; item IDs 601–642.,name/description decode complete in grandia3_items_decoded_v9.csv.
MAGIC_0040_NAME,MAGIC,spell_name,SYS/GR3.MDZ,GR3.MDT,640,,39,0xE686,0x005D84,B1 ED ED,クルル,쿠루루,UNASSIGNED,,[],TRANSLATED,NO,GR3 category 7 player magic; item IDs 601–642.,name/description decode complete in grandia3_items_decoded_v9.csv.
MAGIC_0040_DESC,MAGIC,spell_desc,SYS/GR3.MDZ,GR3.MDT,640,,39,0x12824,0x005D90,42 F0 9B F0 BC F2 7D 3D F0 69 F3 A1 C9 F2 59 D3 F1 AB F1 AE BB A1 ED F7 62,大気中に自我を奪う神経ガスを撒く,대기 중에 자아를 빼앗는 신경 가스를 뿌린다,UNASSIGNED,,[],TRANSLATED,NO,GR3 category 7 player magic; item IDs 601–642.,name/description decode complete in grandia3_items_decoded_v9.csv.
MAGIC_0041_NAME,MAGIC,spell_name,SYS/GR3.MDZ,GR3.MDT,641,,40,0xE68A,0x005DA4,D6 A5 AC EB,フィオラ,피오라,UNASSIGNED,,[],TRANSLATED,NO,GR3 category 7 player magic; item IDs 601–642.,name/description decode complete in grandia3_items_decoded_v9.csv.
MAGIC_0041_DESC,MAGIC,spell_desc,SYS/GR3.MDZ,GR3.MDT,641,,40,0x12847,0x005DB0,D6 F1 79 F2 80 85 F0 79 4E F0 28 4A F0 4B F0 A1 DF F0 6B 9D,真空の力で技・魔法を封じる,진공의 힘으로 기술과 마법을 봉쇄한다,UNASSIGNED,,[],TRANSLATED,NO,GR3 category 7 player magic; item IDs 601–642.,name/description decode complete in grandia3_items_decoded_v9.csv.
MAGIC_0042_NAME,MAGIC,spell_name,SYS/GR3.MDZ,GR3.MDT,642,,41,0xE68F,0x005DC4,C8 BB C9,デスト,데스토,UNASSIGNED,,[],TRANSLATED,NO,GR3 category 7 player magic; item IDs 601–642.,name/description decode complete in grandia3_items_decoded_v9.csv.
MAGIC_0042_DESC,MAGIC,spell_desc,SYS/GR3.MDZ,GR3.MDT,642,,41,0x1286E,0x005DD0,4A F0 65 F0 80 A7 F6 A6 F0 79 CD F0 80 CB F2 77 F2 8A 7A D7 F0 7A 6C,魔性の濃霧で死の世界へと落とす,마성의 짙은 안개로 죽음의 세계에 떨어뜨린다,UNASSIGNED,,[],TRANSLATED,NO,GR3 category 7 player magic; item IDs 601–642.,name/description decode complete in grandia3_items_decoded_v9.csv.
